--
-- PostgreSQL database dump
--

SET statement_timeout = 0;
SET client_encoding = 'UTF8';
SET standard_conforming_strings = off;
SET check_function_bodies = false;
SET client_min_messages = warning;
SET escape_string_warning = off;

SET search_path = public, pg_catalog;

SET default_tablespace = '';

SET default_with_oids = false;

--
-- Name: alerts; Type: TABLE; Schema: public; Owner: hong; Tablespace: 
--

CREATE TABLE alerts (
    id integer NOT NULL,
    user_id integer,
    tag_id integer,
    location_id integer,
    created_at timestamp without time zone,
    updated_at timestamp without time zone
);


ALTER TABLE public.alerts OWNER TO hong;

--
-- Name: alerts_id_seq; Type: SEQUENCE; Schema: public; Owner: hong
--

CREATE SEQUENCE alerts_id_seq
    START WITH 1
    INCREMENT BY 1
    NO MAXVALUE
    NO MINVALUE
    CACHE 1;


ALTER TABLE public.alerts_id_seq OWNER TO hong;

--
-- Name: alerts_id_seq; Type: SEQUENCE OWNED BY; Schema: public; Owner: hong
--

ALTER SEQUENCE alerts_id_seq OWNED BY alerts.id;


--
-- Name: alerts_id_seq; Type: SEQUENCE SET; Schema: public; Owner: hong
--

SELECT pg_catalog.setval('alerts_id_seq', 1, false);


--
-- Name: catalogs; Type: TABLE; Schema: public; Owner: hong; Tablespace: 
--

CREATE TABLE catalogs (
    id integer NOT NULL,
    title character varying(255),
    url character varying(255),
    created_at timestamp without time zone,
    updated_at timestamp without time zone
);


ALTER TABLE public.catalogs OWNER TO hong;

--
-- Name: catalogs_id_seq; Type: SEQUENCE; Schema: public; Owner: hong
--

CREATE SEQUENCE catalogs_id_seq
    START WITH 1
    INCREMENT BY 1
    NO MAXVALUE
    NO MINVALUE
    CACHE 1;


ALTER TABLE public.catalogs_id_seq OWNER TO hong;

--
-- Name: catalogs_id_seq; Type: SEQUENCE OWNED BY; Schema: public; Owner: hong
--

ALTER SEQUENCE catalogs_id_seq OWNED BY catalogs.id;


--
-- Name: catalogs_id_seq; Type: SEQUENCE SET; Schema: public; Owner: hong
--

SELECT pg_catalog.setval('catalogs_id_seq', 1, false);


--
-- Name: comments; Type: TABLE; Schema: public; Owner: hong; Tablespace: 
--

CREATE TABLE comments (
    id integer NOT NULL,
    commentable_id integer,
    commentable_type character varying(255),
    body text,
    reports_problem boolean,
    user_id integer,
    parent_id integer,
    lft integer,
    rgt integer,
    created_at timestamp without time zone,
    updated_at timestamp without time zone
);


ALTER TABLE public.comments OWNER TO hong;

--
-- Name: comments_id_seq; Type: SEQUENCE; Schema: public; Owner: hong
--

CREATE SEQUENCE comments_id_seq
    START WITH 1
    INCREMENT BY 1
    NO MAXVALUE
    NO MINVALUE
    CACHE 1;


ALTER TABLE public.comments_id_seq OWNER TO hong;

--
-- Name: comments_id_seq; Type: SEQUENCE OWNED BY; Schema: public; Owner: hong
--

ALTER SEQUENCE comments_id_seq OWNED BY comments.id;


--
-- Name: comments_id_seq; Type: SEQUENCE SET; Schema: public; Owner: hong
--

SELECT pg_catalog.setval('comments_id_seq', 1, false);


--
-- Name: data_record_locations; Type: TABLE; Schema: public; Owner: hong; Tablespace: 
--

CREATE TABLE data_record_locations (
    id integer NOT NULL,
    data_record_id integer,
    location_id integer,
    created_at timestamp without time zone,
    updated_at timestamp without time zone,
    disaggregation_level character varying(255)
);


ALTER TABLE public.data_record_locations OWNER TO hong;

--
-- Name: data_record_locations_id_seq; Type: SEQUENCE; Schema: public; Owner: hong
--

CREATE SEQUENCE data_record_locations_id_seq
    START WITH 1
    INCREMENT BY 1
    NO MAXVALUE
    NO MINVALUE
    CACHE 1;


ALTER TABLE public.data_record_locations_id_seq OWNER TO hong;

--
-- Name: data_record_locations_id_seq; Type: SEQUENCE OWNED BY; Schema: public; Owner: hong
--

ALTER SEQUENCE data_record_locations_id_seq OWNED BY data_record_locations.id;


--
-- Name: data_record_locations_id_seq; Type: SEQUENCE SET; Schema: public; Owner: hong
--

SELECT pg_catalog.setval('data_record_locations_id_seq', 155, true);


--
-- Name: data_records; Type: TABLE; Schema: public; Owner: hong; Tablespace: 
--

CREATE TABLE data_records (
    id integer NOT NULL,
    title character varying(255),
    slug character varying(255),
    homepage_url character varying(255),
    description text,
    project_name character varying(255),
    funder character varying(255),
    year character varying(255),
    owner_id integer,
    catalog_id integer,
    contact_id integer,
    created_at timestamp without time zone,
    updated_at timestamp without time zone,
    ratings_count integer DEFAULT 0,
    ratings_total integer DEFAULT 0,
    level_disaggregation character varying(255),
    completed boolean DEFAULT false,
    views_count integer DEFAULT 0 NOT NULL
);


ALTER TABLE public.data_records OWNER TO hong;

--
-- Name: data_records_id_seq; Type: SEQUENCE; Schema: public; Owner: hong
--

CREATE SEQUENCE data_records_id_seq
    START WITH 1
    INCREMENT BY 1
    NO MAXVALUE
    NO MINVALUE
    CACHE 1;


ALTER TABLE public.data_records_id_seq OWNER TO hong;

--
-- Name: data_records_id_seq; Type: SEQUENCE OWNED BY; Schema: public; Owner: hong
--

ALTER SEQUENCE data_records_id_seq OWNED BY data_records.id;


--
-- Name: data_records_id_seq; Type: SEQUENCE SET; Schema: public; Owner: hong
--

SELECT pg_catalog.setval('data_records_id_seq', 155, true);


--
-- Name: delayed_jobs; Type: TABLE; Schema: public; Owner: hong; Tablespace: 
--

CREATE TABLE delayed_jobs (
    id integer NOT NULL,
    priority integer DEFAULT 0,
    attempts integer DEFAULT 0,
    handler text,
    last_error text,
    run_at timestamp without time zone,
    locked_at timestamp without time zone,
    failed_at timestamp without time zone,
    locked_by character varying(255),
    created_at timestamp without time zone,
    updated_at timestamp without time zone
);


ALTER TABLE public.delayed_jobs OWNER TO hong;

--
-- Name: delayed_jobs_id_seq; Type: SEQUENCE; Schema: public; Owner: hong
--

CREATE SEQUENCE delayed_jobs_id_seq
    START WITH 1
    INCREMENT BY 1
    NO MAXVALUE
    NO MINVALUE
    CACHE 1;


ALTER TABLE public.delayed_jobs_id_seq OWNER TO hong;

--
-- Name: delayed_jobs_id_seq; Type: SEQUENCE OWNED BY; Schema: public; Owner: hong
--

ALTER SEQUENCE delayed_jobs_id_seq OWNED BY delayed_jobs.id;


--
-- Name: delayed_jobs_id_seq; Type: SEQUENCE SET; Schema: public; Owner: hong
--

SELECT pg_catalog.setval('delayed_jobs_id_seq', 1, false);


--
-- Name: documents; Type: TABLE; Schema: public; Owner: hong; Tablespace: 
--

CREATE TABLE documents (
    id integer NOT NULL,
    data_record_id integer,
    external_url character varying(255),
    file_file_name character varying(255),
    file_content_type character varying(255),
    file_file_size integer,
    file_updated_at timestamp without time zone,
    created_at timestamp without time zone,
    updated_at timestamp without time zone,
    document_type character varying(255),
    title character varying(255)
);


ALTER TABLE public.documents OWNER TO hong;

--
-- Name: documents_id_seq; Type: SEQUENCE; Schema: public; Owner: hong
--

CREATE SEQUENCE documents_id_seq
    START WITH 1
    INCREMENT BY 1
    NO MAXVALUE
    NO MINVALUE
    CACHE 1;


ALTER TABLE public.documents_id_seq OWNER TO hong;

--
-- Name: documents_id_seq; Type: SEQUENCE OWNED BY; Schema: public; Owner: hong
--

ALTER SEQUENCE documents_id_seq OWNED BY documents.id;


--
-- Name: documents_id_seq; Type: SEQUENCE SET; Schema: public; Owner: hong
--

SELECT pg_catalog.setval('documents_id_seq', 155, true);


--
-- Name: favorites; Type: TABLE; Schema: public; Owner: hong; Tablespace: 
--

CREATE TABLE favorites (
    id integer NOT NULL,
    user_id integer,
    data_record_id integer,
    created_at timestamp without time zone,
    updated_at timestamp without time zone
);


ALTER TABLE public.favorites OWNER TO hong;

--
-- Name: favorites_id_seq; Type: SEQUENCE; Schema: public; Owner: hong
--

CREATE SEQUENCE favorites_id_seq
    START WITH 1
    INCREMENT BY 1
    NO MAXVALUE
    NO MINVALUE
    CACHE 1;


ALTER TABLE public.favorites_id_seq OWNER TO hong;

--
-- Name: favorites_id_seq; Type: SEQUENCE OWNED BY; Schema: public; Owner: hong
--

ALTER SEQUENCE favorites_id_seq OWNED BY favorites.id;


--
-- Name: favorites_id_seq; Type: SEQUENCE SET; Schema: public; Owner: hong
--

SELECT pg_catalog.setval('favorites_id_seq', 1, false);


--
-- Name: locations; Type: TABLE; Schema: public; Owner: hong; Tablespace: 
--

CREATE TABLE locations (
    id integer NOT NULL,
    name character varying(255),
    parent_id integer,
    lft integer,
    rgt integer,
    created_at timestamp without time zone,
    updated_at timestamp without time zone
);


ALTER TABLE public.locations OWNER TO hong;

--
-- Name: locations_id_seq; Type: SEQUENCE; Schema: public; Owner: hong
--

CREATE SEQUENCE locations_id_seq
    START WITH 1
    INCREMENT BY 1
    NO MAXVALUE
    NO MINVALUE
    CACHE 1;


ALTER TABLE public.locations_id_seq OWNER TO hong;

--
-- Name: locations_id_seq; Type: SEQUENCE OWNED BY; Schema: public; Owner: hong
--

ALTER SEQUENCE locations_id_seq OWNED BY locations.id;


--
-- Name: locations_id_seq; Type: SEQUENCE SET; Schema: public; Owner: hong
--

SELECT pg_catalog.setval('locations_id_seq', 200, true);


--
-- Name: notes; Type: TABLE; Schema: public; Owner: hong; Tablespace: 
--

CREATE TABLE notes (
    id integer NOT NULL,
    user_id integer,
    data_record_id integer,
    text text,
    created_at timestamp without time zone,
    updated_at timestamp without time zone
);


ALTER TABLE public.notes OWNER TO hong;

--
-- Name: notes_id_seq; Type: SEQUENCE; Schema: public; Owner: hong
--

CREATE SEQUENCE notes_id_seq
    START WITH 1
    INCREMENT BY 1
    NO MAXVALUE
    NO MINVALUE
    CACHE 1;


ALTER TABLE public.notes_id_seq OWNER TO hong;

--
-- Name: notes_id_seq; Type: SEQUENCE OWNED BY; Schema: public; Owner: hong
--

ALTER SEQUENCE notes_id_seq OWNED BY notes.id;


--
-- Name: notes_id_seq; Type: SEQUENCE SET; Schema: public; Owner: hong
--

SELECT pg_catalog.setval('notes_id_seq', 1, false);


--
-- Name: open_id_authentication_associations; Type: TABLE; Schema: public; Owner: hong; Tablespace: 
--

CREATE TABLE open_id_authentication_associations (
    id integer NOT NULL,
    issued integer,
    lifetime integer,
    handle character varying(255),
    assoc_type character varying(255),
    server_url bytea,
    secret bytea
);


ALTER TABLE public.open_id_authentication_associations OWNER TO hong;

--
-- Name: open_id_authentication_associations_id_seq; Type: SEQUENCE; Schema: public; Owner: hong
--

CREATE SEQUENCE open_id_authentication_associations_id_seq
    START WITH 1
    INCREMENT BY 1
    NO MAXVALUE
    NO MINVALUE
    CACHE 1;


ALTER TABLE public.open_id_authentication_associations_id_seq OWNER TO hong;

--
-- Name: open_id_authentication_associations_id_seq; Type: SEQUENCE OWNED BY; Schema: public; Owner: hong
--

ALTER SEQUENCE open_id_authentication_associations_id_seq OWNED BY open_id_authentication_associations.id;


--
-- Name: open_id_authentication_associations_id_seq; Type: SEQUENCE SET; Schema: public; Owner: hong
--

SELECT pg_catalog.setval('open_id_authentication_associations_id_seq', 1, false);


--
-- Name: open_id_authentication_nonces; Type: TABLE; Schema: public; Owner: hong; Tablespace: 
--

CREATE TABLE open_id_authentication_nonces (
    id integer NOT NULL,
    "timestamp" integer NOT NULL,
    server_url character varying(255),
    salt character varying(255) NOT NULL
);


ALTER TABLE public.open_id_authentication_nonces OWNER TO hong;

--
-- Name: open_id_authentication_nonces_id_seq; Type: SEQUENCE; Schema: public; Owner: hong
--

CREATE SEQUENCE open_id_authentication_nonces_id_seq
    START WITH 1
    INCREMENT BY 1
    NO MAXVALUE
    NO MINVALUE
    CACHE 1;


ALTER TABLE public.open_id_authentication_nonces_id_seq OWNER TO hong;

--
-- Name: open_id_authentication_nonces_id_seq; Type: SEQUENCE OWNED BY; Schema: public; Owner: hong
--

ALTER SEQUENCE open_id_authentication_nonces_id_seq OWNED BY open_id_authentication_nonces.id;


--
-- Name: open_id_authentication_nonces_id_seq; Type: SEQUENCE SET; Schema: public; Owner: hong
--

SELECT pg_catalog.setval('open_id_authentication_nonces_id_seq', 1, false);


--
-- Name: organizations; Type: TABLE; Schema: public; Owner: hong; Tablespace: 
--

CREATE TABLE organizations (
    id integer NOT NULL,
    name character varying(255),
    acronym character varying(255),
    org_type character varying(255),
    description text,
    slug character varying(255),
    url character varying(255),
    homepage_url character varying(255),
    parent_id integer,
    lft integer,
    rgt integer,
    created_at timestamp without time zone,
    updated_at timestamp without time zone,
    location_id integer
);


ALTER TABLE public.organizations OWNER TO hong;

--
-- Name: organizations_id_seq; Type: SEQUENCE; Schema: public; Owner: hong
--

CREATE SEQUENCE organizations_id_seq
    START WITH 1
    INCREMENT BY 1
    NO MAXVALUE
    NO MINVALUE
    CACHE 1;


ALTER TABLE public.organizations_id_seq OWNER TO hong;

--
-- Name: organizations_id_seq; Type: SEQUENCE OWNED BY; Schema: public; Owner: hong
--

ALTER SEQUENCE organizations_id_seq OWNED BY organizations.id;


--
-- Name: organizations_id_seq; Type: SEQUENCE SET; Schema: public; Owner: hong
--

SELECT pg_catalog.setval('organizations_id_seq', 46, true);


--
-- Name: people; Type: TABLE; Schema: public; Owner: hong; Tablespace: 
--

CREATE TABLE people (
    id integer NOT NULL,
    name character varying(255),
    phone character varying(255),
    email character varying(255),
    type character varying(255),
    created_at timestamp without time zone,
    updated_at timestamp without time zone,
    affiliation_id integer,
    data_record_id integer
);


ALTER TABLE public.people OWNER TO hong;

--
-- Name: people_id_seq; Type: SEQUENCE; Schema: public; Owner: hong
--

CREATE SEQUENCE people_id_seq
    START WITH 1
    INCREMENT BY 1
    NO MAXVALUE
    NO MINVALUE
    CACHE 1;


ALTER TABLE public.people_id_seq OWNER TO hong;

--
-- Name: people_id_seq; Type: SEQUENCE OWNED BY; Schema: public; Owner: hong
--

ALTER SEQUENCE people_id_seq OWNED BY people.id;


--
-- Name: people_id_seq; Type: SEQUENCE SET; Schema: public; Owner: hong
--

SELECT pg_catalog.setval('people_id_seq', 166, true);


--
-- Name: ratings; Type: TABLE; Schema: public; Owner: hong; Tablespace: 
--

CREATE TABLE ratings (
    id integer NOT NULL,
    user_id integer,
    data_record_id integer,
    value integer,
    created_at timestamp without time zone,
    updated_at timestamp without time zone
);


ALTER TABLE public.ratings OWNER TO hong;

--
-- Name: ratings_id_seq; Type: SEQUENCE; Schema: public; Owner: hong
--

CREATE SEQUENCE ratings_id_seq
    START WITH 1
    INCREMENT BY 1
    NO MAXVALUE
    NO MINVALUE
    CACHE 1;


ALTER TABLE public.ratings_id_seq OWNER TO hong;

--
-- Name: ratings_id_seq; Type: SEQUENCE OWNED BY; Schema: public; Owner: hong
--

ALTER SEQUENCE ratings_id_seq OWNED BY ratings.id;


--
-- Name: ratings_id_seq; Type: SEQUENCE SET; Schema: public; Owner: hong
--

SELECT pg_catalog.setval('ratings_id_seq', 1, false);


--
-- Name: schema_migrations; Type: TABLE; Schema: public; Owner: hong; Tablespace: 
--

CREATE TABLE schema_migrations (
    version character varying(255) NOT NULL
);


ALTER TABLE public.schema_migrations OWNER TO hong;

--
-- Name: sponsors; Type: TABLE; Schema: public; Owner: hong; Tablespace: 
--

CREATE TABLE sponsors (
    id integer NOT NULL,
    data_record_id integer,
    organization_id integer,
    lead boolean,
    created_at timestamp without time zone,
    updated_at timestamp without time zone
);


ALTER TABLE public.sponsors OWNER TO hong;

--
-- Name: sponsors_id_seq; Type: SEQUENCE; Schema: public; Owner: hong
--

CREATE SEQUENCE sponsors_id_seq
    START WITH 1
    INCREMENT BY 1
    NO MAXVALUE
    NO MINVALUE
    CACHE 1;


ALTER TABLE public.sponsors_id_seq OWNER TO hong;

--
-- Name: sponsors_id_seq; Type: SEQUENCE OWNED BY; Schema: public; Owner: hong
--

ALTER SEQUENCE sponsors_id_seq OWNED BY sponsors.id;


--
-- Name: sponsors_id_seq; Type: SEQUENCE SET; Schema: public; Owner: hong
--

SELECT pg_catalog.setval('sponsors_id_seq', 213, true);


--
-- Name: submissions; Type: TABLE; Schema: public; Owner: hong; Tablespace: 
--

CREATE TABLE submissions (
    id integer NOT NULL,
    type character varying(255),
    name character varying(255),
    email character varying(255),
    user_id integer,
    title character varying(255),
    url character varying(255),
    comments text,
    created_at timestamp without time zone,
    updated_at timestamp without time zone,
    status character varying(255)
);


ALTER TABLE public.submissions OWNER TO hong;

--
-- Name: submissions_id_seq; Type: SEQUENCE; Schema: public; Owner: hong
--

CREATE SEQUENCE submissions_id_seq
    START WITH 1
    INCREMENT BY 1
    NO MAXVALUE
    NO MINVALUE
    CACHE 1;


ALTER TABLE public.submissions_id_seq OWNER TO hong;

--
-- Name: submissions_id_seq; Type: SEQUENCE OWNED BY; Schema: public; Owner: hong
--

ALTER SEQUENCE submissions_id_seq OWNED BY submissions.id;


--
-- Name: submissions_id_seq; Type: SEQUENCE SET; Schema: public; Owner: hong
--

SELECT pg_catalog.setval('submissions_id_seq', 1, false);


--
-- Name: taggings; Type: TABLE; Schema: public; Owner: hong; Tablespace: 
--

CREATE TABLE taggings (
    id integer NOT NULL,
    tag_id integer,
    taggable_id integer,
    tagger_id integer,
    tagger_type character varying(255),
    taggable_type character varying(255),
    context character varying(255),
    created_at timestamp without time zone
);


ALTER TABLE public.taggings OWNER TO hong;

--
-- Name: taggings_id_seq; Type: SEQUENCE; Schema: public; Owner: hong
--

CREATE SEQUENCE taggings_id_seq
    START WITH 1
    INCREMENT BY 1
    NO MAXVALUE
    NO MINVALUE
    CACHE 1;


ALTER TABLE public.taggings_id_seq OWNER TO hong;

--
-- Name: taggings_id_seq; Type: SEQUENCE OWNED BY; Schema: public; Owner: hong
--

ALTER SEQUENCE taggings_id_seq OWNED BY taggings.id;


--
-- Name: taggings_id_seq; Type: SEQUENCE SET; Schema: public; Owner: hong
--

SELECT pg_catalog.setval('taggings_id_seq', 225, true);


--
-- Name: tags; Type: TABLE; Schema: public; Owner: hong; Tablespace: 
--

CREATE TABLE tags (
    id integer NOT NULL,
    name character varying(255),
    kind character varying(255)
);


ALTER TABLE public.tags OWNER TO hong;

--
-- Name: tags_id_seq; Type: SEQUENCE; Schema: public; Owner: hong
--

CREATE SEQUENCE tags_id_seq
    START WITH 1
    INCREMENT BY 1
    NO MAXVALUE
    NO MINVALUE
    CACHE 1;


ALTER TABLE public.tags_id_seq OWNER TO hong;

--
-- Name: tags_id_seq; Type: SEQUENCE OWNED BY; Schema: public; Owner: hong
--

ALTER SEQUENCE tags_id_seq OWNED BY tags.id;


--
-- Name: tags_id_seq; Type: SEQUENCE SET; Schema: public; Owner: hong
--

SELECT pg_catalog.setval('tags_id_seq', 19, true);


--
-- Name: users; Type: TABLE; Schema: public; Owner: hong; Tablespace: 
--

CREATE TABLE users (
    id integer NOT NULL,
    email character varying(255),
    crypted_password character varying(255),
    password_salt character varying(255),
    persistence_token character varying(255),
    single_access_token character varying(255),
    perishable_token character varying(255),
    login_count integer DEFAULT 0,
    failed_login_count integer DEFAULT 0,
    last_request_at timestamp without time zone,
    current_login_at timestamp without time zone,
    last_login_at timestamp without time zone,
    current_login_ip character varying(255),
    last_login_ip character varying(255),
    confirmed_at timestamp without time zone,
    openid_identifier character varying(255),
    display_name character varying(255),
    api_id character varying(255),
    list_opt_in boolean DEFAULT false,
    city character varying(255),
    personal_url character varying(255),
    telephone_number character varying(255),
    user_type character varying(255),
    role character varying(255),
    updated_at timestamp without time zone,
    created_at timestamp without time zone,
    affiliation_id integer,
    location_id integer,
    data_uncovered_opt_in boolean,
    alert_email boolean,
    alert_sms boolean,
    alert_sms_number character varying(255)
);


ALTER TABLE public.users OWNER TO hong;

--
-- Name: users_id_seq; Type: SEQUENCE; Schema: public; Owner: hong
--

CREATE SEQUENCE users_id_seq
    START WITH 1
    INCREMENT BY 1
    NO MAXVALUE
    NO MINVALUE
    CACHE 1;


ALTER TABLE public.users_id_seq OWNER TO hong;

--
-- Name: users_id_seq; Type: SEQUENCE OWNED BY; Schema: public; Owner: hong
--

ALTER SEQUENCE users_id_seq OWNED BY users.id;


--
-- Name: users_id_seq; Type: SEQUENCE SET; Schema: public; Owner: hong
--

SELECT pg_catalog.setval('users_id_seq', 8, true);


--
-- Name: votes; Type: TABLE; Schema: public; Owner: hong; Tablespace: 
--

CREATE TABLE votes (
    id integer NOT NULL,
    vote boolean DEFAULT true,
    voteable_id integer,
    voteable_type character varying(255),
    user_id integer,
    created_at timestamp without time zone,
    updated_at timestamp without time zone
);


ALTER TABLE public.votes OWNER TO hong;

--
-- Name: votes_id_seq; Type: SEQUENCE; Schema: public; Owner: hong
--

CREATE SEQUENCE votes_id_seq
    START WITH 1
    INCREMENT BY 1
    NO MAXVALUE
    NO MINVALUE
    CACHE 1;


ALTER TABLE public.votes_id_seq OWNER TO hong;

--
-- Name: votes_id_seq; Type: SEQUENCE OWNED BY; Schema: public; Owner: hong
--

ALTER SEQUENCE votes_id_seq OWNED BY votes.id;


--
-- Name: votes_id_seq; Type: SEQUENCE SET; Schema: public; Owner: hong
--

SELECT pg_catalog.setval('votes_id_seq', 1, false);


--
-- Name: wiki_versions; Type: TABLE; Schema: public; Owner: hong; Tablespace: 
--

CREATE TABLE wiki_versions (
    id integer NOT NULL,
    wiki_id integer,
    version integer,
    data_record_id integer,
    user_id integer,
    body text,
    created_at timestamp without time zone,
    updated_at timestamp without time zone
);


ALTER TABLE public.wiki_versions OWNER TO hong;

--
-- Name: wiki_versions_id_seq; Type: SEQUENCE; Schema: public; Owner: hong
--

CREATE SEQUENCE wiki_versions_id_seq
    START WITH 1
    INCREMENT BY 1
    NO MAXVALUE
    NO MINVALUE
    CACHE 1;


ALTER TABLE public.wiki_versions_id_seq OWNER TO hong;

--
-- Name: wiki_versions_id_seq; Type: SEQUENCE OWNED BY; Schema: public; Owner: hong
--

ALTER SEQUENCE wiki_versions_id_seq OWNED BY wiki_versions.id;


--
-- Name: wiki_versions_id_seq; Type: SEQUENCE SET; Schema: public; Owner: hong
--

SELECT pg_catalog.setval('wiki_versions_id_seq', 1, false);


--
-- Name: wikis; Type: TABLE; Schema: public; Owner: hong; Tablespace: 
--

CREATE TABLE wikis (
    id integer NOT NULL,
    data_record_id integer,
    user_id integer,
    body text,
    created_at timestamp without time zone,
    updated_at timestamp without time zone,
    version integer
);


ALTER TABLE public.wikis OWNER TO hong;

--
-- Name: wikis_id_seq; Type: SEQUENCE; Schema: public; Owner: hong
--

CREATE SEQUENCE wikis_id_seq
    START WITH 1
    INCREMENT BY 1
    NO MAXVALUE
    NO MINVALUE
    CACHE 1;


ALTER TABLE public.wikis_id_seq OWNER TO hong;

--
-- Name: wikis_id_seq; Type: SEQUENCE OWNED BY; Schema: public; Owner: hong
--

ALTER SEQUENCE wikis_id_seq OWNED BY wikis.id;


--
-- Name: wikis_id_seq; Type: SEQUENCE SET; Schema: public; Owner: hong
--

SELECT pg_catalog.setval('wikis_id_seq', 1, false);


--
-- Name: id; Type: DEFAULT; Schema: public; Owner: hong
--

ALTER TABLE alerts ALTER COLUMN id SET DEFAULT nextval('alerts_id_seq'::regclass);


--
-- Name: id; Type: DEFAULT; Schema: public; Owner: hong
--

ALTER TABLE catalogs ALTER COLUMN id SET DEFAULT nextval('catalogs_id_seq'::regclass);


--
-- Name: id; Type: DEFAULT; Schema: public; Owner: hong
--

ALTER TABLE comments ALTER COLUMN id SET DEFAULT nextval('comments_id_seq'::regclass);


--
-- Name: id; Type: DEFAULT; Schema: public; Owner: hong
--

ALTER TABLE data_record_locations ALTER COLUMN id SET DEFAULT nextval('data_record_locations_id_seq'::regclass);


--
-- Name: id; Type: DEFAULT; Schema: public; Owner: hong
--

ALTER TABLE data_records ALTER COLUMN id SET DEFAULT nextval('data_records_id_seq'::regclass);


--
-- Name: id; Type: DEFAULT; Schema: public; Owner: hong
--

ALTER TABLE delayed_jobs ALTER COLUMN id SET DEFAULT nextval('delayed_jobs_id_seq'::regclass);


--
-- Name: id; Type: DEFAULT; Schema: public; Owner: hong
--

ALTER TABLE documents ALTER COLUMN id SET DEFAULT nextval('documents_id_seq'::regclass);


--
-- Name: id; Type: DEFAULT; Schema: public; Owner: hong
--

ALTER TABLE favorites ALTER COLUMN id SET DEFAULT nextval('favorites_id_seq'::regclass);


--
-- Name: id; Type: DEFAULT; Schema: public; Owner: hong
--

ALTER TABLE locations ALTER COLUMN id SET DEFAULT nextval('locations_id_seq'::regclass);


--
-- Name: id; Type: DEFAULT; Schema: public; Owner: hong
--

ALTER TABLE notes ALTER COLUMN id SET DEFAULT nextval('notes_id_seq'::regclass);


--
-- Name: id; Type: DEFAULT; Schema: public; Owner: hong
--

ALTER TABLE open_id_authentication_associations ALTER COLUMN id SET DEFAULT nextval('open_id_authentication_associations_id_seq'::regclass);


--
-- Name: id; Type: DEFAULT; Schema: public; Owner: hong
--

ALTER TABLE open_id_authentication_nonces ALTER COLUMN id SET DEFAULT nextval('open_id_authentication_nonces_id_seq'::regclass);


--
-- Name: id; Type: DEFAULT; Schema: public; Owner: hong
--

ALTER TABLE organizations ALTER COLUMN id SET DEFAULT nextval('organizations_id_seq'::regclass);


--
-- Name: id; Type: DEFAULT; Schema: public; Owner: hong
--

ALTER TABLE people ALTER COLUMN id SET DEFAULT nextval('people_id_seq'::regclass);


--
-- Name: id; Type: DEFAULT; Schema: public; Owner: hong
--

ALTER TABLE ratings ALTER COLUMN id SET DEFAULT nextval('ratings_id_seq'::regclass);


--
-- Name: id; Type: DEFAULT; Schema: public; Owner: hong
--

ALTER TABLE sponsors ALTER COLUMN id SET DEFAULT nextval('sponsors_id_seq'::regclass);


--
-- Name: id; Type: DEFAULT; Schema: public; Owner: hong
--

ALTER TABLE submissions ALTER COLUMN id SET DEFAULT nextval('submissions_id_seq'::regclass);


--
-- Name: id; Type: DEFAULT; Schema: public; Owner: hong
--

ALTER TABLE taggings ALTER COLUMN id SET DEFAULT nextval('taggings_id_seq'::regclass);


--
-- Name: id; Type: DEFAULT; Schema: public; Owner: hong
--

ALTER TABLE tags ALTER COLUMN id SET DEFAULT nextval('tags_id_seq'::regclass);


--
-- Name: id; Type: DEFAULT; Schema: public; Owner: hong
--

ALTER TABLE users ALTER COLUMN id SET DEFAULT nextval('users_id_seq'::regclass);


--
-- Name: id; Type: DEFAULT; Schema: public; Owner: hong
--

ALTER TABLE votes ALTER COLUMN id SET DEFAULT nextval('votes_id_seq'::regclass);


--
-- Name: id; Type: DEFAULT; Schema: public; Owner: hong
--

ALTER TABLE wiki_versions ALTER COLUMN id SET DEFAULT nextval('wiki_versions_id_seq'::regclass);


--
-- Name: id; Type: DEFAULT; Schema: public; Owner: hong
--

ALTER TABLE wikis ALTER COLUMN id SET DEFAULT nextval('wikis_id_seq'::regclass);


--
-- Data for Name: alerts; Type: TABLE DATA; Schema: public; Owner: hong
--

COPY alerts (id, user_id, tag_id, location_id, created_at, updated_at) FROM stdin;
\.


--
-- Data for Name: catalogs; Type: TABLE DATA; Schema: public; Owner: hong
--

COPY catalogs (id, title, url, created_at, updated_at) FROM stdin;
\.


--
-- Data for Name: comments; Type: TABLE DATA; Schema: public; Owner: hong
--

COPY comments (id, commentable_id, commentable_type, body, reports_problem, user_id, parent_id, lft, rgt, created_at, updated_at) FROM stdin;
\.


--
-- Data for Name: data_record_locations; Type: TABLE DATA; Schema: public; Owner: hong
--

COPY data_record_locations (id, data_record_id, location_id, created_at, updated_at, disaggregation_level) FROM stdin;
1	1	86	2011-05-09 22:56:03.729073	2011-05-09 22:56:03.729073	Region
2	2	86	2011-05-09 22:56:03.817061	2011-05-09 22:56:03.817061	City
3	3	86	2011-05-09 22:56:03.984108	2011-05-09 22:56:03.984108	Region
4	4	86	2011-05-09 22:56:04.032139	2011-05-09 22:56:04.032139	Region
5	5	86	2011-05-09 22:56:04.074685	2011-05-09 22:56:04.074685	Region
6	6	86	2011-05-09 22:56:04.135125	2011-05-09 22:56:04.135125	Region
7	7	86	2011-05-09 22:56:04.287663	2011-05-09 22:56:04.287663	Region
8	8	86	2011-05-09 22:56:04.342064	2011-05-09 22:56:04.342064	Region
9	9	86	2011-05-09 22:56:04.379546	2011-05-09 22:56:04.379546	Region
10	10	86	2011-05-09 22:56:04.539676	2011-05-09 22:56:04.539676	District
11	11	86	2011-05-09 22:56:04.583854	2011-05-09 22:56:04.583854	District
12	12	86	2011-05-09 22:56:04.630031	2011-05-09 22:56:04.630031	District
13	13	86	2011-05-09 22:56:04.673722	2011-05-09 22:56:04.673722	District
14	14	86	2011-05-09 22:56:04.729289	2011-05-09 22:56:04.729289	District
15	15	86	2011-05-09 22:56:04.878584	2011-05-09 22:56:04.878584	District
16	16	86	2011-05-09 22:56:04.919904	2011-05-09 22:56:04.919904	District
17	17	86	2011-05-09 22:56:04.961605	2011-05-09 22:56:04.961605	District
18	18	86	2011-05-09 22:56:05.004559	2011-05-09 22:56:05.004559	District
19	19	86	2011-05-09 22:56:05.046646	2011-05-09 22:56:05.046646	District
20	20	86	2011-05-09 22:56:05.195188	2011-05-09 22:56:05.195188	District
21	21	86	2011-05-09 22:56:05.234466	2011-05-09 22:56:05.234466	District
22	22	86	2011-05-09 22:56:05.273617	2011-05-09 22:56:05.273617	District
23	23	86	2011-05-09 22:56:05.325153	2011-05-09 22:56:05.325153	District
24	24	86	2011-05-09 22:56:05.479894	2011-05-09 22:56:05.479894	Region
25	25	86	2011-05-09 22:56:05.526809	2011-05-09 22:56:05.526809	Region
26	26	86	2011-05-09 22:56:05.567419	2011-05-09 22:56:05.567419	District
27	27	86	2011-05-09 22:56:05.60848	2011-05-09 22:56:05.60848	*UNKNOWN
28	28	86	2011-05-09 22:56:05.651409	2011-05-09 22:56:05.651409	Town
29	29	86	2011-05-09 22:56:05.799251	2011-05-09 22:56:05.799251	Region
30	30	86	2011-05-09 22:56:05.849376	2011-05-09 22:56:05.849376	Region
31	31	86	2011-05-09 22:56:05.917885	2011-05-09 22:56:05.917885	District
32	32	86	2011-05-09 22:56:06.072511	2011-05-09 22:56:06.072511	Municipanity
33	33	101	2011-05-09 22:56:06.269744	2011-05-09 22:56:06.269744	County
34	34	101	2011-05-09 22:56:06.422995	2011-05-09 22:56:06.422995	County
35	35	101	2011-05-09 22:56:06.457519	2011-05-09 22:56:06.457519	County
36	36	101	2011-05-09 22:56:06.506237	2011-05-09 22:56:06.506237	County
37	37	101	2011-05-09 22:56:06.542511	2011-05-09 22:56:06.542511	Region
38	38	101	2011-05-09 22:56:06.577798	2011-05-09 22:56:06.577798	County
39	39	101	2011-05-09 22:56:06.731408	2011-05-09 22:56:06.731408	County
40	40	101	2011-05-09 22:56:06.766394	2011-05-09 22:56:06.766394	County
41	41	101	2011-05-09 22:56:06.804674	2011-05-09 22:56:06.804674	Region
42	42	101	2011-05-09 22:56:06.84107	2011-05-09 22:56:06.84107	County
43	43	101	2011-05-09 22:56:06.882785	2011-05-09 22:56:06.882785	County
44	44	101	2011-05-09 22:56:06.918602	2011-05-09 22:56:06.918602	County
45	45	101	2011-05-09 22:56:07.061038	2011-05-09 22:56:07.061038	County
46	46	101	2011-05-09 22:56:07.099567	2011-05-09 22:56:07.099567	County
47	47	101	2011-05-09 22:56:07.13455	2011-05-09 22:56:07.13455	Region
48	48	101	2011-05-09 22:56:07.168415	2011-05-09 22:56:07.168415	County
49	49	101	2011-05-09 22:56:07.202832	2011-05-09 22:56:07.202832	County
50	50	101	2011-05-09 22:56:07.237001	2011-05-09 22:56:07.237001	County
51	51	101	2011-05-09 22:56:07.381567	2011-05-09 22:56:07.381567	County
52	52	101	2011-05-09 22:56:07.42438	2011-05-09 22:56:07.42438	County
53	53	101	2011-05-09 22:56:07.458016	2011-05-09 22:56:07.458016	County
54	54	101	2011-05-09 22:56:07.491668	2011-05-09 22:56:07.491668	County
55	55	101	2011-05-09 22:56:07.523714	2011-05-09 22:56:07.523714	County
56	56	101	2011-05-09 22:56:07.558394	2011-05-09 22:56:07.558394	County
57	57	101	2011-05-09 22:56:07.712466	2011-05-09 22:56:07.712466	County
58	58	101	2011-05-09 22:56:07.747381	2011-05-09 22:56:07.747381	County
59	59	101	2011-05-09 22:56:07.781751	2011-05-09 22:56:07.781751	County
60	60	101	2011-05-09 22:56:07.818478	2011-05-09 22:56:07.818478	County
61	61	101	2011-05-09 22:56:07.85102	2011-05-09 22:56:07.85102	County
62	62	101	2011-05-09 22:56:07.906101	2011-05-09 22:56:07.906101	County
63	63	101	2011-05-09 22:56:08.048528	2011-05-09 22:56:08.048528	County
64	64	101	2011-05-09 22:56:08.082774	2011-05-09 22:56:08.082774	County
65	65	101	2011-05-09 22:56:08.116685	2011-05-09 22:56:08.116685	County
66	66	101	2011-05-09 22:56:08.149698	2011-05-09 22:56:08.149698	County
67	67	101	2011-05-09 22:56:08.185748	2011-05-09 22:56:08.185748	County
68	68	101	2011-05-09 22:56:08.217618	2011-05-09 22:56:08.217618	County
69	69	101	2011-05-09 22:56:08.355698	2011-05-09 22:56:08.355698	County
70	70	101	2011-05-09 22:56:08.389634	2011-05-09 22:56:08.389634	County
71	71	101	2011-05-09 22:56:08.424252	2011-05-09 22:56:08.424252	County
72	72	101	2011-05-09 22:56:08.454883	2011-05-09 22:56:08.454883	County
73	73	101	2011-05-09 22:56:08.487191	2011-05-09 22:56:08.487191	County
74	74	101	2011-05-09 22:56:08.629021	2011-05-09 22:56:08.629021	County
75	75	101	2011-05-09 22:56:08.661616	2011-05-09 22:56:08.661616	County
76	76	101	2011-05-09 22:56:08.69697	2011-05-09 22:56:08.69697	County
77	77	101	2011-05-09 22:56:08.731539	2011-05-09 22:56:08.731539	Region
78	78	101	2011-05-09 22:56:08.775915	2011-05-09 22:56:08.775915	Region
79	79	101	2011-05-09 22:56:08.813685	2011-05-09 22:56:08.813685	Region
80	80	101	2011-05-09 22:56:08.956671	2011-05-09 22:56:08.956671	Region
81	81	101	2011-05-09 22:56:08.995433	2011-05-09 22:56:08.995433	Region
82	82	101	2011-05-09 22:56:09.033302	2011-05-09 22:56:09.033302	Region
83	83	101	2011-05-09 22:56:09.071695	2011-05-09 22:56:09.071695	Region
84	84	101	2011-05-09 22:56:09.109086	2011-05-09 22:56:09.109086	Region
85	85	101	2011-05-09 22:56:09.253446	2011-05-09 22:56:09.253446	Region
86	86	101	2011-05-09 22:56:09.292358	2011-05-09 22:56:09.292358	Region
87	87	101	2011-05-09 22:56:09.330037	2011-05-09 22:56:09.330037	Region
88	88	101	2011-05-09 22:56:09.368324	2011-05-09 22:56:09.368324	Region
89	89	101	2011-05-09 22:56:09.406646	2011-05-09 22:56:09.406646	Region
90	90	101	2011-05-09 22:56:09.550906	2011-05-09 22:56:09.550906	Region
91	91	101	2011-05-09 22:56:09.589959	2011-05-09 22:56:09.589959	Region
92	92	101	2011-05-09 22:56:09.639521	2011-05-09 22:56:09.639521	Region
93	93	101	2011-05-09 22:56:09.677731	2011-05-09 22:56:09.677731	Region
94	94	101	2011-05-09 22:56:09.715249	2011-05-09 22:56:09.715249	Region
95	95	101	2011-05-09 22:56:09.862312	2011-05-09 22:56:09.862312	Region
96	96	101	2011-05-09 22:56:09.902597	2011-05-09 22:56:09.902597	Region
97	97	101	2011-05-09 22:56:09.942029	2011-05-09 22:56:09.942029	Region
98	98	101	2011-05-09 22:56:09.980592	2011-05-09 22:56:09.980592	Region
99	99	101	2011-05-09 22:56:10.022263	2011-05-09 22:56:10.022263	Region
100	100	101	2011-05-09 22:56:10.165799	2011-05-09 22:56:10.165799	Region
101	101	101	2011-05-09 22:56:10.204486	2011-05-09 22:56:10.204486	Region
102	102	101	2011-05-09 22:56:10.242839	2011-05-09 22:56:10.242839	Region
103	103	101	2011-05-09 22:56:10.28088	2011-05-09 22:56:10.28088	Region
104	104	101	2011-05-09 22:56:10.322534	2011-05-09 22:56:10.322534	Region
105	105	101	2011-05-09 22:56:10.471182	2011-05-09 22:56:10.471182	Region
106	106	101	2011-05-09 22:56:10.507381	2011-05-09 22:56:10.507381	County
107	107	101	2011-05-09 22:56:10.542873	2011-05-09 22:56:10.542873	County
108	108	101	2011-05-09 22:56:10.577707	2011-05-09 22:56:10.577707	County
109	109	101	2011-05-09 22:56:10.614138	2011-05-09 22:56:10.614138	County
110	110	101	2011-05-09 22:56:10.762712	2011-05-09 22:56:10.762712	County
111	111	101	2011-05-09 22:56:10.794818	2011-05-09 22:56:10.794818	County
112	112	101	2011-05-09 22:56:10.830648	2011-05-09 22:56:10.830648	County
113	113	101	2011-05-09 22:56:10.864388	2011-05-09 22:56:10.864388	County
114	114	101	2011-05-09 22:56:10.896302	2011-05-09 22:56:10.896302	County
115	115	101	2011-05-09 22:56:10.931342	2011-05-09 22:56:10.931342	County
116	116	101	2011-05-09 22:56:11.080743	2011-05-09 22:56:11.080743	Region
117	117	101	2011-05-09 22:56:11.11328	2011-05-09 22:56:11.11328	Constituency
118	118	101	2011-05-09 22:56:11.149743	2011-05-09 22:56:11.149743	Constituency
119	119	101	2011-05-09 22:56:11.18995	2011-05-09 22:56:11.18995	Constituency
120	120	101	2011-05-09 22:56:11.223714	2011-05-09 22:56:11.223714	Constituency
121	121	101	2011-05-09 22:56:11.256457	2011-05-09 22:56:11.256457	Constituency
122	122	101	2011-05-09 22:56:11.414892	2011-05-09 22:56:11.414892	Constituency
123	123	101	2011-05-09 22:56:11.447527	2011-05-09 22:56:11.447527	Constituency
124	124	101	2011-05-09 22:56:11.482034	2011-05-09 22:56:11.482034	Constituency
125	125	101	2011-05-09 22:56:11.515621	2011-05-09 22:56:11.515621	Constituency
126	126	101	2011-05-09 22:56:11.546932	2011-05-09 22:56:11.546932	Constituency
127	127	101	2011-05-09 22:56:11.582224	2011-05-09 22:56:11.582224	Constituency
128	128	101	2011-05-09 22:56:11.724715	2011-05-09 22:56:11.724715	Constituency
129	129	101	2011-05-09 22:56:11.757402	2011-05-09 22:56:11.757402	Constituency
130	130	101	2011-05-09 22:56:11.790181	2011-05-09 22:56:11.790181	Region
131	131	101	2011-05-09 22:56:11.824059	2011-05-09 22:56:11.824059	County
132	132	101	2011-05-09 22:56:11.858793	2011-05-09 22:56:11.858793	Region
133	133	101	2011-05-09 22:56:11.892579	2011-05-09 22:56:11.892579	County
134	134	106	2011-05-09 22:56:12.092025	2011-05-09 22:56:12.092025	Region
135	135	106	2011-05-09 22:56:12.138764	2011-05-09 22:56:12.138764	National
136	136	106	2011-05-09 22:56:12.180413	2011-05-09 22:56:12.180413	Region
137	137	106	2011-05-09 22:56:12.342814	2011-05-09 22:56:12.342814	3rd Administrative Level
138	138	106	2011-05-09 22:56:12.387313	2011-05-09 22:56:12.387313	Region
139	139	106	2011-05-09 22:56:12.432684	2011-05-09 22:56:12.432684	National
140	140	106	2011-05-09 22:56:12.473486	2011-05-09 22:56:12.473486	Village
141	141	65	2011-05-09 22:56:12.522874	2011-05-09 22:56:12.522874	World Regions
142	142	106	2011-05-09 22:56:12.665829	2011-05-09 22:56:12.665829	*UNKNOWN
143	143	106	2011-05-09 22:56:12.705632	2011-05-09 22:56:12.705632	*UNKNOWN
144	144	106	2011-05-09 22:56:12.765267	2011-05-09 22:56:12.765267	Village
145	145	106	2011-05-09 22:56:12.820047	2011-05-09 22:56:12.820047	Village
146	146	106	2011-05-09 22:56:12.961968	2011-05-09 22:56:12.961968	Region
147	147	106	2011-05-09 22:56:13.002524	2011-05-09 22:56:13.002524	Region
148	148	106	2011-05-09 22:56:13.043532	2011-05-09 22:56:13.043532	Region
149	149	106	2011-05-09 22:56:13.091135	2011-05-09 22:56:13.091135	Region
150	150	106	2011-05-09 22:56:13.129927	2011-05-09 22:56:13.129927	Region
151	151	106	2011-05-09 22:56:13.278578	2011-05-09 22:56:13.278578	Village
152	152	106	2011-05-09 22:56:13.312822	2011-05-09 22:56:13.312822	Village
153	153	106	2011-05-09 22:56:13.355434	2011-05-09 22:56:13.355434	*UNKNOWN
154	154	106	2011-05-09 22:56:13.401282	2011-05-09 22:56:13.401282	1st Administrative Level
155	155	106	2011-05-09 22:56:13.576978	2011-05-09 22:56:13.576978	2nd Administrative Level
\.


--
-- Data for Name: data_records; Type: TABLE DATA; Schema: public; Owner: hong
--

COPY data_records (id, title, slug, homepage_url, description, project_name, funder, year, owner_id, catalog_id, contact_id, created_at, updated_at, ratings_count, ratings_total, level_disaggregation, completed, views_count) FROM stdin;
1	Association of Ghana Industries Business Barometer	association-of-ghana-industries-business-barometer	http://www.agighana.org	Business barometer survey is conduted by Association of Ghana Industries (AGI) to provide firms or prospective investors the current business in Ghana	\N	\N	2010	1	\N	1	2011-05-09 22:56:03.718537	2011-05-09 22:56:03.718537	0	0	\N	t	0
2	Accra Women's Health Study	accra-women-s-health-study	http://www.hsph.harvard.edu	A cross-sectional of burden of communicable and non-communicable diseases among women in Accra, Ghana. One aspect of the study dealt with HIV prevalence and risk factors while another section explored blood pressure incidence among the participants	\N	\N	2006	1	\N	2	2011-05-09 22:56:03.811681	2011-05-09 22:56:03.811681	0	0	\N	t	0
3	Service Assessment Survey, 2002	service-assessment-survey-2002	http://www.statsghana.gov.gh	surveys conducted in health facilities and among providers and clients in developing countries to obtain information about the quality, infrastructure, utilization, and availability of maternal and child health, and family planning services	\N	\N	2002	1	\N	4	2011-05-09 22:56:03.978942	2011-05-09 22:56:03.978942	0	0	\N	t	0
4	Ghana Demographic and Health Survey, 1988	ghana-demographic-and-health-survey-1988	http://www.statsghana.gov.gh	A survey that collected information relevant demographic and health information (maternal and infant mortality, fertility, family planning) about Ghanaians (men and women in the reproductive period)	\N	\N	1988	1	\N	5	2011-05-09 22:56:04.02701	2011-05-09 22:56:04.02701	0	0	\N	t	0
5	Ghana Demographic and Health Survey, 1998	ghana-demographic-and-health-survey-1998	http://www.statsghana.gov.gh	A survey that collected information relevant demographic and health information (maternal and infant mortality, fertility, family planning) about Ghanaians (men and women in the reproductive period)	\N	\N	1998	1	\N	6	2011-05-09 22:56:04.069197	2011-05-09 22:56:04.069197	0	0	\N	t	0
6	Ghana Demographic and Health Survey, 1993	ghana-demographic-and-health-survey-1993	http://www.statsghana.gov.gh	A survey that collected information relevant demographic and health information (maternal and infant mortality, fertility, family planning) about Ghanaians (men and women in the reproductive period)	\N	\N	1993	1	\N	7	2011-05-09 22:56:04.130019	2011-05-09 22:56:04.130019	0	0	\N	t	0
7	Ghana Demographic and Health Survey, 2003	ghana-demographic-and-health-survey-2003	http://www.statsghana.gov.gh	A survey that collected information relevant demographic and health information (maternal and infant mortality, fertility, family planning) about Ghanaians (men and women in the reproductive period)	\N	\N	2003	1	\N	8	2011-05-09 22:56:04.282463	2011-05-09 22:56:04.282463	0	0	\N	t	0
8	Ghana Maternal Health Survey, 2007	ghana-maternal-health-survey-2007	http://www.statsghana.gov.gh	A study that investigated predominant causes of maternal deaths in Ghana. The project was in two phases; one was a household survey that collected basic information on health and demographic indicators. Phase two followed-up on households that had registered maternal deaths and Verbal Autopsy	\N	\N	2007	1	\N	9	2011-05-09 22:56:04.337078	2011-05-09 22:56:04.337078	0	0	\N	t	0
9	Ghana Demographic and Health Survey, 2008	ghana-demographic-and-health-survey-2008	http://www.statsghana.gov.gh	A survey that collected information relevant demographic and health information (maternal and infant mortality, fertility, family planning) about Ghanaians (men and women in the reproductive period)	\N	\N	2008	1	\N	10	2011-05-09 22:56:04.374567	2011-05-09 22:56:04.374567	0	0	\N	t	0
10	Budget of Ghana, 2000	budget-of-ghana-2000	http://www.mofep.gov.gh	Budget statement and economic policy attempts to provide estimates of government on all sectors of the economy, key areas include education, health, transportation, environment, energy and many others. Reflections on the previous year's economic performance are also provided	\N	\N	2000	1	\N	11	2011-05-09 22:56:04.424029	2011-05-09 22:56:04.424029	0	0	\N	t	0
11	Budget of Ghana, 2001	budget-of-ghana-2001	http://www.mofep.gov.gh	Budget statement and economic policy attempts to provide estimates of government on all sectors of the economy, key areas include education, health, transportation, environment, energy and many others. Reflections on the previous year's economic performance are also provided	\N	\N	2001	1	\N	12	2011-05-09 22:56:04.578415	2011-05-09 22:56:04.578415	0	0	\N	t	0
12	Budget of Ghana, 2002	budget-of-ghana-2002	http://www.mofep.gov.gh	Budget statement and economic policy attempts to provide estimates of government on all sectors of the economy, key areas include education, health, transportation, environment, energy and many others. Reflections on the previous year's economic performance are also provided	\N	\N	2002	1	\N	13	2011-05-09 22:56:04.625004	2011-05-09 22:56:04.625004	0	0	\N	t	0
13	Budget of Ghana, 2003	budget-of-ghana-2003	http://www.mofep.gov.gh	Budget statement and economic policy attempts to provide estimates of government on all sectors of the economy, key areas include education, health, transportation, environment, energy and many others. Reflections on the previous year's economic performance are also provided	\N	\N	2003	1	\N	14	2011-05-09 22:56:04.66779	2011-05-09 22:56:04.66779	0	0	\N	t	0
14	Budget of Ghana, 2004	budget-of-ghana-2004	http://www.mofep.gov.gh	Budget statement and economic policy attempts to provide estimates of government on all sectors of the economy, key areas include education, health, transportation, environment, energy and many others. Reflections on the previous year's economic performance are also provided	\N	\N	2004	1	\N	15	2011-05-09 22:56:04.724205	2011-05-09 22:56:04.724205	0	0	\N	t	0
15	Budget of Ghana, 2005	budget-of-ghana-2005	http://www.mofep.gov.gh	Budget statement and economic policy attempts to provide estimates of government on all sectors of the economy, key areas include education, health, transportation, environment, energy and many others. Reflections on the previous year's economic performance are also provided	\N	\N	2005	1	\N	16	2011-05-09 22:56:04.872819	2011-05-09 22:56:04.872819	0	0	\N	t	0
16	Budget of Ghana, 2006	budget-of-ghana-2006	http://www.mofep.gov.gh	Budget statement and economic policy attempts to provide estimates of government on all sectors of the economy, key areas include education, health, transportation, environment, energy and many others. Reflections on the previous year's economic performance are also provided	\N	\N	2006	1	\N	17	2011-05-09 22:56:04.914707	2011-05-09 22:56:04.914707	0	0	\N	t	0
17	Budget of Ghana, 2007	budget-of-ghana-2007	http://www.mofep.gov.gh	Budget statement and economic policy attempts to provide estimates of government on all sectors of the economy, key areas include education, health, transportation, environment, energy and many others. Reflections on the previous year's economic performance are also provided	\N	\N	2007	1	\N	18	2011-05-09 22:56:04.956162	2011-05-09 22:56:04.956162	0	0	\N	t	0
18	Budget of Ghana, 2008	budget-of-ghana-2008	http://www.mofep.gov.gh	Budget statement and economic policy attempts to provide estimates of government on all sectors of the economy, key areas include education, health, transportation, environment, energy and many others. Reflections on the previous year's economic performance are also provided	\N	\N	2008	1	\N	19	2011-05-09 22:56:04.999077	2011-05-09 22:56:04.999077	0	0	\N	t	0
19	Budget of Ghana, 2009	budget-of-ghana-2009	http://www.mofep.gov.gh	Budget statement and economic policy attempts to provide estimates of government on all sectors of the economy, key areas include education, health, transportation, environment, energy and many others. Reflections on the previous year's economic performance are also provided	\N	\N	2009	1	\N	20	2011-05-09 22:56:05.041304	2011-05-09 22:56:05.041304	0	0	\N	t	0
20	Budget of Ghana, 2010	budget-of-ghana-2010	http://www.mofep.gov.gh	Budget statement and economic policy attempts to provide estimates of government on all sectors of the economy, key areas include education, health, transportation, environment, energy and many others. Reflections on the previous year's economic performance are also provided	\N	\N	2010	1	\N	21	2011-05-09 22:56:05.189122	2011-05-09 22:56:05.189122	0	0	\N	t	0
21	Budget of Ghana, 2011	budget-of-ghana-2011	http://www.mofep.gov.gh	Budget statement and economic policy attempts to provide estimates of government on all sectors of the economy, key areas include education, health, transportation, environment, energy and many others. Reflections on the previous year's economic performance are also provided	\N	\N	2011	1	\N	22	2011-05-09 22:56:05.229057	2011-05-09 22:56:05.229057	0	0	\N	t	0
22	2004 National Adolescent Survey	2004-national-adolescent-survey	http://www.guttmacher.org	A study that assessed broad issues that affect adolescent sexuality. Some specific areas of focus were sexual debut, parent-child communication, pregnancy, abortion and others. Parents, community leaders, teachers and health workers also participated in the study.	\N	\N	2004	1	\N	23	2011-05-09 22:56:05.267981	2011-05-09 22:56:05.267981	0	0	\N	t	0
23	Annual Progress Report of The Gprs Indicators	annual-progress-report-of-the-gprs-indicators	http://www.ndpc.gov.gh.html	Seventh report in a series assessing progress made in implementing policies outlined in Poverty Reduction Strategies	\N	\N	2008	1	\N	25	2011-05-09 22:56:05.320206	2011-05-09 22:56:05.320206	0	0	\N	t	0
24	Citizens' Assessment of The National Health Insurance Scheme In Ghana	citizens-assessment-of-the-national-health-insurance-scheme-in-ghana	http://www.ndpc.gov.gh.html	Survey to obtain feedback from citizens' perspective on whether the NHIS provides effective health care financing for the poor	\N	\N	2008	1	\N	26	2011-05-09 22:56:05.474579	2011-05-09 22:56:05.474579	0	0	\N	t	0
25	Ghana Poverty Reduction Strategy (Gprs I)	ghana-poverty-reduction-strategy-gprs-i	http://www.ndpc.gov.gh.html	First medium term national development strategy, outlines policy framework for 2003-2005	\N	\N	2003	1	\N	27	2011-05-09 22:56:05.521422	2011-05-09 22:56:05.521422	0	0	\N	t	0
26	Growth and Poverty Reduction Strategy (Gprs Ii)	growth-and-poverty-reduction-strategy-gprs-ii	http://www.ndpc.gov.gh.html	2005 version of Ghana's Poverty Reduction Strategy Papers; reviews progress and outlines plan for 2006-2009; central goal to "achieve middle income status within a measurable planning period"	\N	\N	2005	1	\N	28	2011-05-09 22:56:05.562443	2011-05-09 22:56:05.562443	0	0	\N	t	0
27	Ghana Civil Society Monitoring: Mdg Mornitoring Report	ghana-civil-society-monitoring-mdg-mornitoring-report	http://www.sendwestafrica.org	This publication is the result of monitoring Ghana's performance towards realising the Millennium Development Goals 2,4,5,&6 (education and health). It also sought to understand the impact of government interventions in health and education at the community and district levels.	\N	\N	2008	1	\N	29	2011-05-09 22:56:05.602515	2011-05-09 22:56:05.602515	0	0	\N	t	0
28	Free Trade, Small Scale Production and Poverty	free-trade-small-scale-production-and-poverty	http://www.sendwestafrica.org	A study that assess the impacts of trade liberalisation on livelihood security of women in Ghana in tomotoes, soya beans and fish prodution communities	\N	\N	2008	1	\N	30	2011-05-09 22:56:05.646048	2011-05-09 22:56:05.646048	0	0	\N	t	0
29	Ghana Living Standards Survey, 2005/06	ghana-living-standards-survey-2005-06	http://www.statsghana.gov.gh	The GLSS aims at providing general information on standards of living of Ghanaians on regular basis. Information is collected on patterns of household consumption and expenditure at a greater level of desegregation and it is intended to serve as the basis for the construction of the Consumer Price Index and for updating national accounts.	\N	\N	2008	1	\N	31	2011-05-09 22:56:05.793899	2011-05-09 22:56:05.793899	0	0	\N	t	0
30	Rights and Equity In The Classroom: A Case Study of Classroom Interactions In Basic Schools In Ghana	rights-and-equity-in-the-classroom-a-case-study-of-classroom-interactions-in-basic-schools-in-ghana	\N	Study to assess the extent to which gender equity and human rights education is taught and practiced in Ghanaian Basic Schools	\N	\N	2001	1	\N	32	2011-05-09 22:56:05.844331	2011-05-09 22:56:05.844331	0	0	\N	t	0
31	High Impact Rapid Delivery Supplementary Survey, 2007/2008	high-impact-rapid-delivery-supplementary-survey-2007-2008	http://www.unicef.org	A household survey designed to provide information particularly on the situation of women and children	\N	\N	2007	1	\N	34	2011-05-09 22:56:05.912963	2011-05-09 22:56:05.912963	0	0	\N	t	0
32	Crime Victimisation Survey, 2009	crime-victimisation-survey-2009	http://www.statsghana.gov.gh	This report presents the summary of the major findings of the crime victimization survey carried out in four metropolitan areas in Ghana in 2009. The areas are Sekondi-Takoradi Metropolitan Assembly (STMA), Accra Metropolitan Area (AMA), Kumasi Metropolitan Area (KMA) and Tamale Metropolitan Area (TMA)	\N	\N	2009	1	\N	35	2011-05-09 22:56:06.067027	2011-05-09 22:56:06.067027	0	0	\N	t	0
33	Namibia National Health Accounts Report 2003	namibia-national-health-accounts-report-2003	http://www.healthnet.org.na/	describes financial flows for health care, including public, private, and donor contributions; internationally-accepted framework to track expenditures for a given year	\N	\N	2003	1	\N	36	2011-05-09 22:56:06.263459	2011-05-09 22:56:06.263459	0	0	\N	t	0
34	National Strategic Plan On HIV/AIDS: Third Medium Term Plan (Mtpiii) 2004 - 2009	national-strategic-plan-on-hiv-aids-third-medium-term-plan-mtpiii-2004-2009	http://www.healthnet.org.na/	The document provides the framework for all the actors to collaborate and guide the implementation processes needed for an effective multisectoral HIV/AIDS response.	\N	\N	2004	1	\N	37	2011-05-09 22:56:06.417886	2011-05-09 22:56:06.417886	0	0	\N	t	0
35	Equity In Health Care In Namibia Towards Needs Based Resource Allocation Formula	equity-in-health-care-in-namibia-towards-needs-based-resource-allocation-formula	http://www.healthnet.org.na/	The report covers detailed results fo the study in equity in health care in Namibia. It sheds lights on the mechanisms of health resource allcoation with the view to developing an equitable funding system.	\N	\N	2005	1	\N	38	2011-05-09 22:56:06.452318	2011-05-09 22:56:06.452318	0	0	\N	t	0
36	Study On The Knowledge, Beliefs, Perceptions, Attitudes and Practices On Voluntary Non-Remunarated Blood Bonations In Namibia - 2006	study-on-the-knowledge-beliefs-perceptions-attitudes-and-practices-on-voluntary-non-remunarated-blood-bonations-in-namibia-2006	http://www.healthnet.org.na/	The main purpose to the study was to identify strategies and factors that influence recruitment and retentions of voluntary nobn-remunerated blood donors in Namibia with a view to improving blood donation practices	\N	\N	2006	1	\N	39	2011-05-09 22:56:06.501178	2011-05-09 22:56:06.501178	0	0	\N	t	0
37	2006 National HIV Sentinel Survey Report	2006-national-hiv-sentinel-survey-report	http://www.healthnet.org.na/	Report on the results of the Sentinel Survey on HIV prevalence amongst pregnanat women in 2006	\N	\N	2007	1	\N	40	2011-05-09 22:56:06.536966	2011-05-09 22:56:06.536966	0	0	\N	t	0
38	A Guide To HIV AIDS Workplace Programmes 08	a-guide-to-hiv-aids-workplace-programmes-08	http://www.healthnet.org.na/	Guide developed to support workplaces across Namibia to design, implement and monitor HIV and Aids workplace programmes.	\N	\N	2007	1	\N	41	2011-05-09 22:56:06.57264	2011-05-09 22:56:06.57264	0	0	\N	t	0
111	Preliminary National Accounts 2008	preliminary-national-accounts-2008	http://www.npc.gov.na/	Middle Income Countries	\N	\N	2008	1	\N	114	2011-05-09 22:56:10.789599	2011-05-09 22:56:10.789599	0	0	\N	t	0
39	Final National Policy On HIV - AIDS 30 March 2007	final-national-policy-on-hiv-aids-30-march-2007	http://www.healthnet.org.na/	The National Policy on HIV/AIDS provides guidance for the national response to the epidemic. It encompasses policy statements in order to create an enabling environment for prevention, treatment, care and support, impact mitigation and workplace interventions.	\N	\N	2007	1	\N	42	2011-05-09 22:56:06.725815	2011-05-09 22:56:06.725815	0	0	\N	t	0
40	Mid Term Review of Third Medium Term Plan On HIV_AIDS	mid-term-review-of-third-medium-term-plan-on-hiv_aids	http://www.healthnet.org.na/	The review provides the Namibia National AIDS Committee with and independent assessment of the current status of implementation of the Third Medium Term Plan. It also provides recommendatinos on how to strengthen the natinal efforts to combat the HIV/AIDS epidemic.	\N	\N	2007	1	\N	43	2011-05-09 22:56:06.760839	2011-05-09 22:56:06.760839	0	0	\N	t	0
41	2008 National HIV Sentinel Survey Report	2008-national-hiv-sentinel-survey-report	http://www.healthnet.org.na/	Report on the results of the Sentinel Survey on HIV prevalence amongst pregnanat women in 2008	\N	\N	2008	1	\N	44	2011-05-09 22:56:06.798861	2011-05-09 22:56:06.798861	0	0	\N	t	0
42	Estimate and Projections of The Impact of HIV_AIDS In Namibia	estimate-and-projections-of-the-impact-of-hiv_aids-in-namibia	http://www.healthnet.org.na/	The Estimation and Projections Packagemodel is used to calculate the national HIV prevalence rate based on the Sentinel Surveys and other reports. The report contains data on the number of HIV positive people who are in need of ARV and PMTCT.	\N	\N	2008	1	\N	45	2011-05-09 22:56:06.83576	2011-05-09 22:56:06.83576	0	0	\N	t	0
43	Joint Gamet/Unaids Monitoring and Evaluation Mission To Namibia 2005	joint-gamet-unaids-monitoring-and-evaluation-mission-to-namibia-2005	http://www.healthnet.org.na/	The mission was undertaken in order to understand the status of the M&E system and to offer support, to provide guidance on specific aspects as well as advocate the development of a national HIV M&E Road Map.	\N	\N	2008	1	\N	46	2011-05-09 22:56:06.877587	2011-05-09 22:56:06.877587	0	0	\N	t	0
44	Mohss Health System Review	mohss-health-system-review	http://www.healthnet.org.na/	The review takes stock of the performance of the public health sector since Independence in 1990. It reviews all components of the heatlh sector and provides recommendations for the way ahead.	\N	\N	2008	1	\N	47	2011-05-09 22:56:06.913104	2011-05-09 22:56:06.913104	0	0	\N	t	0
45	Namibia National Health Accounts 2008 Reports	namibia-national-health-accounts-2008-reports	http://www.healthnet.org.na/	The report presents the findings of the Namibia National Health Accounts 2001/02  2006/07 survey conducted by the Ministry of Health and Social Services	\N	\N	2008	1	\N	48	2011-05-09 22:56:07.055399	2011-05-09 22:56:07.055399	0	0	\N	t	0
46	National Tb and HIV Targets	national-tb-and-hiv-targets	http://www.healthnet.org.na/	In line with global commitments to scale up HIV and TB interventions and in recognition of the need for strengthened accountability, Namibia engaged in a consultative process to develop a set of HIV and TB indicators and targets. These targets map the way toward achieving universal access of prevention, treatment, care and support for HIV and TB. This report describes the targets developed as well as the assumptions, obstacles and solutions for reaching those targets.	\N	\N	2008	1	\N	49	2011-05-09 22:56:07.093777	2011-05-09 22:56:07.093777	0	0	\N	t	0
47	Demographic and Health Survey 2006-2007	demographic-and-health-survey-2006-2007	http://www.healthnet.org.na/	Report on the Demographic and Health Survey 2006 with detailed tables on the health levels in the country	\N	\N	2006	1	\N	50	2011-05-09 22:56:07.129434	2011-05-09 22:56:07.129434	0	0	\N	t	0
48	Ministry of Health and Social Services:  2007-2008 Annual Report	ministry-of-health-and-social-services-2007-2008-annual-report	http://www.healthnet.org.na/	The report describes the programmes and policies in place and the achievements and challenges of the various directorates.	\N	\N	2008	1	\N	51	2011-05-09 22:56:07.162568	2011-05-09 22:56:07.162568	0	0	\N	t	0
49	Ministry of Health and Social Services:  2005-2006 Annual Report	ministry-of-health-and-social-services-2005-2006-annual-report	http://www.healthnet.org.na/	The report describes the programmes and policies in place and the achievements and challenges of the various directorates.	\N	\N	2006	1	\N	52	2011-05-09 22:56:07.19742	2011-05-09 22:56:07.19742	0	0	\N	t	0
50	Namibia Health and HIV/AIDS Resource Tracking 2007/08 & 2008/09	namibia-health-and-hiv-aids-resource-tracking-2007-08-2008-09	http://www.healthnet.org.na/	This report presents findings from Namibias Health and HIV/AIDS Resource Tracking exercise for the financial years 2007/08 and 2008/09 using data from NGOs, donor organisations, medical aid funds, government ministries, private employers and households.	\N	\N	2010	1	\N	53	2011-05-09 22:56:07.231887	2011-05-09 22:56:07.231887	0	0	\N	t	0
51	Accountability Report Medium Term Expenditure Framework	accountability-report-medium-term-expenditure-framework	http://www.mof.gov.na/	The Accountability Report sets out how Ministries have succeeded in meeting those targets and explains how their actual expenditure compared with the plans included in the MTEF. Consequently, this report represents an important part of the democratic process, by enabling Parliament and citizens to hold the Government to account.	\N	\N	2009	1	\N	54	2011-05-09 22:56:07.375641	2011-05-09 22:56:07.375641	0	0	\N	t	0
52	National Budget For 2009/10- 2011/12: Estimates Revenue and Expenditure	national-budget-for-2009-10-2011-12-estimates-revenue-and-expenditure	http://www.mof.gov.na/	Detailed tables of revenue sources and expenditure by vote and sub-divsions for the Fiscal Year 2009/10	\N	\N	2009	1	\N	55	2011-05-09 22:56:07.419215	2011-05-09 22:56:07.419215	0	0	\N	t	0
53	National Budget For 2009/10- 2011/12: Fiscal Policy Framework	national-budget-for-2009-10-2011-12-fiscal-policy-framework	http://www.mof.gov.na/	Report on the prevailing and expected fiscal conditions for the 2010/11 national budget	\N	\N	2009	1	\N	56	2011-05-09 22:56:07.452365	2011-05-09 22:56:07.452365	0	0	\N	t	0
54	National Budget For 2009/10- 2011/12: Macroeconomic Framework	national-budget-for-2009-10-2011-12-macroeconomic-framework	http://www.mof.gov.na/	Report on the prevailing and expected economic conditions for the 2009/10 national budget	\N	\N	2009	1	\N	57	2011-05-09 22:56:07.486491	2011-05-09 22:56:07.486491	0	0	\N	t	0
55	National Budget For 2009/10: Budget At A Glance	national-budget-for-2009-10-budget-at-a-glance	http://www.mof.gov.na/	Highlights of the National Budget for the Fiscal Year 2009/10	\N	\N	2009	1	\N	58	2011-05-09 22:56:07.518525	2011-05-09 22:56:07.518525	0	0	\N	t	0
56	National Budget For 2009/10: Budget Speech	national-budget-for-2009-10-budget-speech	http://www.mof.gov.na/	Statement for the 2009/10 Budget Presented by the Hon. Saara Kuugongelwa-Amadhila Minister of Finance to Parliament	\N	\N	2009	1	\N	59	2011-05-09 22:56:07.553331	2011-05-09 22:56:07.553331	0	0	\N	t	0
57	Accountability Report	accountability-report	http://www.mof.gov.na/	The Accountability Report sets out how Ministries have succeeded in meeting those targets and explains how their actual expenditure compared with the plans included in the MTEF. Consequently, this report represents an important part of the democratic process, by enabling Parliament and citizens to hold the Government to account.	\N	\N	2010	1	\N	60	2011-05-09 22:56:07.707269	2011-05-09 22:56:07.707269	0	0	\N	t	0
58	National Budget For 2010/11:  Estimates Revenue and Expenditure	national-budget-for-2010-11-estimates-revenue-and-expenditure	http://www.mof.gov.na/	Detailed tables of revenue sources and expenditure by vote and sub-divsions for the Fiscal Year 2010/11	\N	\N	2010	1	\N	61	2011-05-09 22:56:07.742065	2011-05-09 22:56:07.742065	0	0	\N	t	0
59	National Budget For 2010/11:  Macroeconomic Framework	national-budget-for-2010-11-macroeconomic-framework	http://www.mof.gov.na/	Report on the prevailing and expected economic conditions for the 2010/11 national budget	\N	\N	2010	1	\N	62	2011-05-09 22:56:07.776569	2011-05-09 22:56:07.776569	0	0	\N	t	0
60	National Budget For 2010/11:  Medium Term Expenditure Framework 2010/11-2011/12	national-budget-for-2010-11-medium-term-expenditure-framework-2010-11-2011-12	http://www.mof.gov.na/	Detailed description of the revenue and expenditure over the three-year rolling budget period starting 2010/11	\N	\N	2010	1	\N	63	2011-05-09 22:56:07.812683	2011-05-09 22:56:07.812683	0	0	\N	t	0
61	National Budget For 2010/11: Deputy Minister's Speech	national-budget-for-2010-11-deputy-minister-s-speech	http://www.mof.gov.na/	Statement to Parliament during the Budget Debate Presented by the Hon. C. Schlettwein Deputy Minister of Finance	\N	\N	2010	1	\N	64	2011-05-09 22:56:07.845652	2011-05-09 22:56:07.845652	0	0	\N	t	0
62	National Budget For 2010/11: Lunch Budget Statement: Development Budget	national-budget-for-2010-11-lunch-budget-statement-development-budget	http://www.mof.gov.na/	Lunch Budget Statement: Development Budget presented by Honourable Minister of Finance Ms. Saara Kuugongelwa-Amadhila 31st March 2010	\N	\N	2010	1	\N	65	2011-05-09 22:56:07.901336	2011-05-09 22:56:07.901336	0	0	\N	t	0
63	Annual Budget For  2006-07 To 2008-09:  Macroeconomic Framework	annual-budget-for-2006-07-to-2008-09-macroeconomic-framework	http://www.mof.gov.na/	Report on the prevailing and expected economic conditions for the 2006/07 national budget	\N	\N	2006	1	\N	66	2011-05-09 22:56:08.043225	2011-05-09 22:56:08.043225	0	0	\N	t	0
64	Annual Budget For 2006-07 Estimates of Revenue and Expenditure	annual-budget-for-2006-07-estimates-of-revenue-and-expenditure	http://www.mof.gov.na/	Detailed tables of revenue sources and expenditure by vote and sub-divsions for the Fiscal Year 2006/07	\N	\N	2006	1	\N	67	2011-05-09 22:56:08.07766	2011-05-09 22:56:08.07766	0	0	\N	t	0
65	Annual Budget For 2006-07 Medium Term Expenditure Framework	annual-budget-for-2006-07-medium-term-expenditure-framework	http://www.mof.gov.na/	Detailed information for all votes and sub devisions for main expenditure items covering the years 2006/07 to 2008/09	\N	\N	2006	1	\N	68	2011-05-09 22:56:08.111506	2011-05-09 22:56:08.111506	0	0	\N	t	0
66	Annual Budget For 2006-07:  Budget Brief	annual-budget-for-2006-07-budget-brief	http://www.mof.gov.na/	Highlights of the National Budget for the Fiscal Year 2006/07	\N	\N	2006	1	\N	69	2011-05-09 22:56:08.144581	2011-05-09 22:56:08.144581	0	0	\N	t	0
67	Annual Budget For 2006/07:  Budget Speech	annual-budget-for-2006-07-budget-speech	http://www.mof.gov.na/	Presentation of the National Budget for 2006/07 by the Minister of Finance in Parliament	\N	\N	2006	1	\N	70	2011-05-09 22:56:08.180155	2011-05-09 22:56:08.180155	0	0	\N	t	0
68	Annual Budget For 2007-08 Budget Speech	annual-budget-for-2007-08-budget-speech	http://www.mof.gov.na/	Presentation of the National Budget for 2007/08 by the Minister of Finance in Parliament	\N	\N	2006	1	\N	71	2011-05-09 22:56:08.212246	2011-05-09 22:56:08.212246	0	0	\N	t	0
69	Annual Budget For 2007-08 Estimates of Revenue and Expenditure	annual-budget-for-2007-08-estimates-of-revenue-and-expenditure	http://www.mof.gov.na/	Detailed tables of revenue sources and expenditure by vote and sub-divsions for the Fiscal Year 2007/08	\N	\N	2006	1	\N	72	2011-05-09 22:56:08.350476	2011-05-09 22:56:08.350476	0	0	\N	t	0
70	Annual Budget For 2007-08 Medium Term Expenditure Framework	annual-budget-for-2007-08-medium-term-expenditure-framework	http://www.mof.gov.na/	Detailed description of the revenue and expenditure over the three-year rolling budget period starting 2007/08	\N	\N	2006	1	\N	73	2011-05-09 22:56:08.383987	2011-05-09 22:56:08.383987	0	0	\N	t	0
71	Annual Budget For 2007-08:  Macroeconomic and Budgetary Framework	annual-budget-for-2007-08-macroeconomic-and-budgetary-framework	http://www.mof.gov.na/	Report on the prevailing and expected economic conditions for the 2007/08 national budget	\N	\N	2006	1	\N	74	2011-05-09 22:56:08.418434	2011-05-09 22:56:08.418434	0	0	\N	t	0
72	Annual Budget For 2007-2008 Budget Brief	annual-budget-for-2007-2008-budget-brief	http://www.mof.gov.na/	Highlights of the National Budget for the Fiscal Year 2007/08	\N	\N	2006	1	\N	75	2011-05-09 22:56:08.449878	2011-05-09 22:56:08.449878	0	0	\N	t	0
73	Annaul Budget For 2010/11:  Budget Speech	annaul-budget-for-2010-11-budget-speech	http://www.mof.gov.na/	Statement for the 2010/11 budget presented by the Hon. Saara Kuugongelwa-Amadhila Minister of Finance to Parliament	\N	\N	2010	1	\N	76	2011-05-09 22:56:08.482107	2011-05-09 22:56:08.482107	0	0	\N	t	0
74	National Budget For 2010/11:  Budget At A Glance	national-budget-for-2010-11-budget-at-a-glance	http://www.mof.gov.na/	Highlights of the National Budget for the Fiscal Year 2010/11	\N	\N	2010	1	\N	77	2011-05-09 22:56:08.515304	2011-05-09 22:56:08.515304	0	0	\N	t	0
75	National Budget For 2010/11:  Fiscal Policy Framework	national-budget-for-2010-11-fiscal-policy-framework	http://www.mof.gov.na/	Report on the prevailing and expected fiscal conditions for the 2010/11 national budget	\N	\N	2010	1	\N	78	2011-05-09 22:56:08.656298	2011-05-09 22:56:08.656298	0	0	\N	t	0
76	National Budget For 2010/11: Dinner Budget Statement	national-budget-for-2010-11-dinner-budget-statement	http://www.mof.gov.na/	Dinner Budget Statement Presented by Honourable Minister of Finance Ms. Saara Kuugongelwa-Amadhila 30th March 2010	\N	\N	2010	1	\N	79	2011-05-09 22:56:08.691758	2011-05-09 22:56:08.691758	0	0	\N	t	0
77	2001 Population Census - Detailed Tables - Caprivi	2001-population-census-detailed-tables-caprivi	http://www.npc.gov.na/cbs/index.htm	Population census tables for the Caprivi region of Namibia for the year 2001	\N	\N	2003	1	\N	80	2011-05-09 22:56:08.726403	2011-05-09 22:56:08.726403	0	0	\N	t	0
78	2001 Population Census - Detailed Tables - Erongo	2001-population-census-detailed-tables-erongo	http://www.npc.gov.na/cbs/index.htm	Population census tables for the Erongo region of Namibia for the year 2001	\N	\N	2003	1	\N	81	2011-05-09 22:56:08.770773	2011-05-09 22:56:08.770773	0	0	\N	t	0
79	2001 Population Census - Detailed Tables - Hardap	2001-population-census-detailed-tables-hardap	http://www.npc.gov.na/cbs/index.htm	Population census tables for the Hardap region of Namibia for the year 2001	\N	\N	2003	1	\N	82	2011-05-09 22:56:08.808712	2011-05-09 22:56:08.808712	0	0	\N	t	0
80	2001 Population Census - Detailed Tables - Karas	2001-population-census-detailed-tables-karas	http://www.npc.gov.na/cbs/index.htm	Population census tables for the Karas region of Namibia for the year 2001	\N	\N	2003	1	\N	83	2011-05-09 22:56:08.951515	2011-05-09 22:56:08.951515	0	0	\N	t	0
81	2001 Population Census - Detailed Tables - Kavango	2001-population-census-detailed-tables-kavango	http://www.npc.gov.na/cbs/index.htm	Population census tables for the Kavango region of Namibia for the year 2001	\N	\N	2003	1	\N	84	2011-05-09 22:56:08.990251	2011-05-09 22:56:08.990251	0	0	\N	t	0
82	2001 Population Census - Detailed Tables - Khomas	2001-population-census-detailed-tables-khomas	http://www.npc.gov.na/cbs/index.htm	Population census tables for the Khomas region of Namibia for the year 2001	\N	\N	2003	1	\N	85	2011-05-09 22:56:09.028158	2011-05-09 22:56:09.028158	0	0	\N	t	0
83	2001 Population Census - Detailed Tables - Kunene	2001-population-census-detailed-tables-kunene	http://www.npc.gov.na/cbs/index.htm	Population census tables for the Kunene region of Namibia for the year 2001	\N	\N	2003	1	\N	86	2011-05-09 22:56:09.066408	2011-05-09 22:56:09.066408	0	0	\N	t	0
84	2001 Population Census - Detailed Tables - Namibia	2001-population-census-detailed-tables-namibia	http://www.npc.gov.na/cbs/index.htm	National population census tables for the year 2001	\N	\N	2003	1	\N	87	2011-05-09 22:56:09.103783	2011-05-09 22:56:09.103783	0	0	\N	t	0
85	2001 Population Census - Detailed Tables - Ohangwena	2001-population-census-detailed-tables-ohangwena	http://www.npc.gov.na/cbs/index.htm	Population census tables for the Ohangwena region of Namibia for the year 2001	\N	\N	2003	1	\N	88	2011-05-09 22:56:09.248062	2011-05-09 22:56:09.248062	0	0	\N	t	0
86	2001 Population Census - Detailed Tables - Omaheke	2001-population-census-detailed-tables-omaheke	http://www.npc.gov.na/cbs/index.htm	Population census tables for the Omaheke region of Namibia for the year 2001	\N	\N	2003	1	\N	89	2011-05-09 22:56:09.28668	2011-05-09 22:56:09.28668	0	0	\N	t	0
87	2001 Population Census - Detailed Tables - Omusati	2001-population-census-detailed-tables-omusati	http://www.npc.gov.na/cbs/index.htm	Population census tables for the Omusati region of Namibia for the year 2001	\N	\N	2003	1	\N	90	2011-05-09 22:56:09.324809	2011-05-09 22:56:09.324809	0	0	\N	t	0
88	2001 Population Census - Detailed Tables - Oshana	2001-population-census-detailed-tables-oshana	http://www.npc.gov.na/cbs/index.htm	Population census tables for the Oshana region of Namibia for the year 2001	\N	\N	2003	1	\N	91	2011-05-09 22:56:09.36304	2011-05-09 22:56:09.36304	0	0	\N	t	0
89	2001 Population Census - Detailed Tables - Oshikoto	2001-population-census-detailed-tables-oshikoto	http://www.npc.gov.na/cbs/index.htm	Population census tables for the Oshikoto region of Namibia for the year 2001	\N	\N	2003	1	\N	92	2011-05-09 22:56:09.401098	2011-05-09 22:56:09.401098	0	0	\N	t	0
90	2001 Population Census - Detailed Tables - Otjozondjupa	2001-population-census-detailed-tables-otjozondjupa	http://www.npc.gov.na/cbs/index.htm	Population census tables for the Otjozondjupa region of Namibia for the year 2001	\N	\N	2003	1	\N	93	2011-05-09 22:56:09.544769	2011-05-09 22:56:09.544769	0	0	\N	t	0
91	2001 Population Census - Final Report - Caprivi	2001-population-census-final-report-caprivi	http://www.npc.gov.na/cbs/index.htm	Population census report for the Caprivi region of Namibia for the year 2001	\N	\N	2003	1	\N	94	2011-05-09 22:56:09.584859	2011-05-09 22:56:09.584859	0	0	\N	t	0
92	2001 Population Census - Final Report - Erongo	2001-population-census-final-report-erongo	http://www.npc.gov.na/cbs/index.htm	Population census report for the Erongo region of Namibia for the year 2001	\N	\N	2003	1	\N	95	2011-05-09 22:56:09.632818	2011-05-09 22:56:09.632818	0	0	\N	t	0
93	2001 Population Census - Final Report - Hardap	2001-population-census-final-report-hardap	http://www.npc.gov.na/cbs/index.htm	Population census report for the Hardap region of Namibia for the year 2001	\N	\N	2003	1	\N	96	2011-05-09 22:56:09.672753	2011-05-09 22:56:09.672753	0	0	\N	t	0
94	2001 Population Census - Final Report - Karas	2001-population-census-final-report-karas	http://www.npc.gov.na/cbs/index.htm	Population census report for the Karas region or Namibia for the year 2001	\N	\N	2003	1	\N	97	2011-05-09 22:56:09.71037	2011-05-09 22:56:09.71037	0	0	\N	t	0
95	2001 Population Census - Final Report - Kavango	2001-population-census-final-report-kavango	http://www.npc.gov.na/cbs/index.htm	Population census report for the Kavango region of Namibia for the year 2001	\N	\N	2003	1	\N	98	2011-05-09 22:56:09.85692	2011-05-09 22:56:09.85692	0	0	\N	t	0
96	2001 Population Census - Final Report - Khomas	2001-population-census-final-report-khomas	http://www.npc.gov.na/cbs/index.htm	Population census report for the Khomas region of Namibia for the year 2001	\N	\N	2003	1	\N	99	2011-05-09 22:56:09.896974	2011-05-09 22:56:09.896974	0	0	\N	t	0
97	2001 Population Census - Final Report - Kunene	2001-population-census-final-report-kunene	http://www.npc.gov.na/cbs/index.htm	Population census report for the Kunene region of Namibia for the year 2001	\N	\N	2003	1	\N	100	2011-05-09 22:56:09.936783	2011-05-09 22:56:09.936783	0	0	\N	t	0
98	2001 Population Census - Final Report - Namibia	2001-population-census-final-report-namibia	http://www.npc.gov.na/cbs/index.htm	National Population Census report for the year 2001	\N	\N	2003	1	\N	101	2011-05-09 22:56:09.975248	2011-05-09 22:56:09.975248	0	0	\N	t	0
99	2001 Population Census - Final Report - Ohangwena	2001-population-census-final-report-ohangwena	http://www.npc.gov.na/cbs/index.htm	Population census report for the Ohangwena region of Namibia for the year 2001	\N	\N	2003	1	\N	102	2011-05-09 22:56:10.017329	2011-05-09 22:56:10.017329	0	0	\N	t	0
100	2001 Population Census - Final Report - Omaheke	2001-population-census-final-report-omaheke	http://www.npc.gov.na/cbs/index.htm	Population census report for the Omaheke region of Namibia for the year 2001	\N	\N	2003	1	\N	103	2011-05-09 22:56:10.160631	2011-05-09 22:56:10.160631	0	0	\N	t	0
101	2001 Population Census - Final Report - Omusati	2001-population-census-final-report-omusati	http://www.npc.gov.na/cbs/index.htm	Population census report for the Omusati region of Namibia for the year 2001	\N	\N	2003	1	\N	104	2011-05-09 22:56:10.1994	2011-05-09 22:56:10.1994	0	0	\N	t	0
102	2001 Population Census - Final Report - Oshana	2001-population-census-final-report-oshana	http://www.npc.gov.na/cbs/index.htm	Population census report for the Oshana region of Namibia for the year 2001	\N	\N	2003	1	\N	105	2011-05-09 22:56:10.237366	2011-05-09 22:56:10.237366	0	0	\N	t	0
103	2001 Population Census - Final Report - Oshikoto	2001-population-census-final-report-oshikoto	http://www.npc.gov.na/cbs/index.htm	Population census report for the Oshikoto region of Namibia for the year 2001	\N	\N	2003	1	\N	106	2011-05-09 22:56:10.275712	2011-05-09 22:56:10.275712	0	0	\N	t	0
104	2001 Population Census - Final Report - Otjozondjupa	2001-population-census-final-report-otjozondjupa	http://www.npc.gov.na/cbs/index.htm	Population census report for the Otjozondjupa region of Namibia for the year 2001	\N	\N	2003	1	\N	107	2011-05-09 22:56:10.317604	2011-05-09 22:56:10.317604	0	0	\N	t	0
105	2001 Population Census - Population Projections	2001-population-census-population-projections	http://www.npc.gov.na/cbs/index.htm	National population projections for the years 2001 - 2031 based on the 2001 population census, covering three scenarios; low variant, medium variant and high variant	\N	\N	2006	1	\N	108	2011-05-09 22:56:10.465679	2011-05-09 22:56:10.465679	0	0	\N	t	0
106	Second Mdg Report : Progress At Mid-Term	second-mdg-report-progress-at-mid-term	http://www.npc.gov.na/	The second report describes the progress made by 2008 for each of the MDGs	\N	\N	2003	1	\N	109	2011-05-09 22:56:10.502003	2011-05-09 22:56:10.502003	0	0	\N	t	0
107	Summary Report of The 2003 Donor Round Table Conference	summary-report-of-the-2003-donor-round-table-conference	http://www.npc.gov.na/	The report summarises the presentations on the eight NDP2 clusters that were given at the conference, It contains furthermore the statements of some of the Development Partners and provides the recon=mmendations of the conference.	\N	\N	2003	1	\N	110	2011-05-09 22:56:10.537157	2011-05-09 22:56:10.537157	0	0	\N	t	0
108	An Analysis of The Economic Challenges of Namibia and How The Donor Community Could Assist	an-analysis-of-the-economic-challenges-of-namibia-and-how-the-donor-community-could-assist	http://www.npc.gov.na/	The Country Paper was prepared for the International Conference on Development Cooperation with Middel Income Countries that was held in 2007. It hidhlights the need for development assistance in order to achieve the MDGs.	\N	\N	2007	1	\N	111	2011-05-09 22:56:10.572112	2011-05-09 22:56:10.572112	0	0	\N	t	0
109	A Review of Poverty and Inequality In Namibia 2008	a-review-of-poverty-and-inequality-in-namibia-2008	http://www.npc.gov.na/	Introduction of the Namibia Poverty Line and calculation of poverty incidence.	\N	\N	2008	1	\N	112	2011-05-09 22:56:10.605485	2011-05-09 22:56:10.605485	0	0	\N	t	0
110	Namibia Millennium Development Goals - 2004	namibia-millennium-development-goals-2004	http://www.npc.gov.na/	The first report describes the progress made by 2004 for each of the MDGs	\N	\N	2008	1	\N	113	2011-05-09 22:56:10.648532	2011-05-09 22:56:10.648532	0	0	\N	t	0
112	Quarterly Gross Domestic Product - First Quarter, 2009	quarterly-gross-domestic-product-first-quarter-2009	http://www.npc.gov.na/	Report on GDP for the first quarter of 2009	\N	\N	2009	1	\N	115	2011-05-09 22:56:10.825367	2011-05-09 22:56:10.825367	0	0	\N	t	0
113	2010 Namibia Consumer Price Index (Ncpi)	2010-namibia-consumer-price-index-ncpi	http://www.npc.gov.na/	Monthly reports on the Consumer Price Index developments with detailed tables	\N	\N	2010	1	\N	116	2011-05-09 22:56:10.859185	2011-05-09 22:56:10.859185	0	0	\N	t	0
114	Highlights Over The Past 20 Years - March 2010	highlights-over-the-past-20-years-march-2010	http://www.npc.gov.na/	The report describes the Development Plans designed since 1990, policies put in place, surveys conducted (such as the Household Income and Expenditure Surveys) and major cooperation agreements entered into with Development Partners.	\N	\N	2010	1	\N	117	2011-05-09 22:56:10.891068	2011-05-09 22:56:10.891068	0	0	\N	t	0
115	Highlights Over The Past 20 Years, Foreword - March 2010	highlights-over-the-past-20-years-foreword-march-2010	http://www.npc.gov.na/	The Foreword by the Director General of the National Planning Commission Secretariat highlights the various Development Plans and some of the major policies that were implemented as well as cooperation agtreement signed with Development Partners.	\N	\N	2010	1	\N	118	2011-05-09 22:56:10.926374	2011-05-09 22:56:10.926374	0	0	\N	t	0
116	Namibia Inter-Censal Demographic Survey Report 2006 - Revised 4 August 2010	namibia-inter-censal-demographic-survey-report-2006-revised-4-august-2010	http://www.npc.gov.na/	The revised report presents the results of the NIDS 2006 and contains detailed tables of the most important indicators.	\N	\N	2010	1	\N	119	2011-05-09 22:56:10.963726	2011-05-09 22:56:10.963726	0	0	\N	t	0
117	2001 Namibia Population and Housing Census, Caprivi Regional Profile	2001-namibia-population-and-housing-census-caprivi-regional-profile	http://www.npc.gov.na/	Detailed results of 2001 Population and Housing Census for the Caprivi region	\N	\N	2003	1	\N	120	2011-05-09 22:56:11.107945	2011-05-09 22:56:11.107945	0	0	\N	t	0
118	2001 Namibia Population and Housing Census, Erongo Regional Profile	2001-namibia-population-and-housing-census-erongo-regional-profile	http://www.npc.gov.na/	Detailed results of 2001 Population and Housing Census for the Erongo region	\N	\N	2003	1	\N	121	2011-05-09 22:56:11.144633	2011-05-09 22:56:11.144633	0	0	\N	t	0
119	2001 Namibia Population and Housing Census, Hardap Regional Profile	2001-namibia-population-and-housing-census-hardap-regional-profile	http://www.npc.gov.na/	Detailed results of 2001 Population and Housing Census for the Hardap region	\N	\N	2003	1	\N	122	2011-05-09 22:56:11.184931	2011-05-09 22:56:11.184931	0	0	\N	t	0
120	2001 Namibia Population and Housing Census, Karas Regional Profile	2001-namibia-population-and-housing-census-karas-regional-profile	http://www.npc.gov.na/	Detailed results of 2001 Population and Housing Census for the Karas region	\N	\N	2003	1	\N	123	2011-05-09 22:56:11.218064	2011-05-09 22:56:11.218064	0	0	\N	t	0
121	2001 Namibia Population and Housing Census, Kavango Regional Profile	2001-namibia-population-and-housing-census-kavango-regional-profile	http://www.npc.gov.na/	Detailed results of 2001 Population and Housing Census for the Kavango region	\N	\N	2003	1	\N	124	2011-05-09 22:56:11.251522	2011-05-09 22:56:11.251522	0	0	\N	t	0
122	2001 Namibia Population and Housing Census, Khomas Regional Profile	2001-namibia-population-and-housing-census-khomas-regional-profile	http://www.npc.gov.na/	Detailed results of 2001 Population and Housing Census for the Khomas region	\N	\N	2003	1	\N	125	2011-05-09 22:56:11.409434	2011-05-09 22:56:11.409434	0	0	\N	t	0
123	2001 Namibia Population and Housing Census, Kunene Regional Profile	2001-namibia-population-and-housing-census-kunene-regional-profile	http://www.npc.gov.na/	Detailed results of 2001 Population and Housing Census for the Kunene region	\N	\N	2003	1	\N	126	2011-05-09 22:56:11.441934	2011-05-09 22:56:11.441934	0	0	\N	t	0
124	2001 Namibia Population and Housing Census, Ohangwena Regional Profile	2001-namibia-population-and-housing-census-ohangwena-regional-profile	http://www.npc.gov.na/	Detailed results of 2001 Population and Housing Census for the Ohangwena region	\N	\N	2003	1	\N	127	2011-05-09 22:56:11.476689	2011-05-09 22:56:11.476689	0	0	\N	t	0
125	2001 Namibia Population and Housing Census, Omaheke Regional Profile	2001-namibia-population-and-housing-census-omaheke-regional-profile	http://www.npc.gov.na/	Detailed results of 2001 Population and Housing Census for the Omaheke region	\N	\N	2003	1	\N	128	2011-05-09 22:56:11.510405	2011-05-09 22:56:11.510405	0	0	\N	t	0
126	2001 Namibia Population and Housing Census, Omusati Regional Profile	2001-namibia-population-and-housing-census-omusati-regional-profile	http://www.npc.gov.na/	Detailed results of 2001 Population and Housing Census for the Omusati region	\N	\N	2003	1	\N	129	2011-05-09 22:56:11.542006	2011-05-09 22:56:11.542006	0	0	\N	t	0
127	2001 Namibia Population and Housing Census, Oshana Regional Profile	2001-namibia-population-and-housing-census-oshana-regional-profile	http://www.npc.gov.na/	Detailed results of 2001 Population and Housing Census for the Oshana region	\N	\N	2003	1	\N	130	2011-05-09 22:56:11.577277	2011-05-09 22:56:11.577277	0	0	\N	t	0
128	2001 Namibia Population and Housing Census, Oshikoto Regional Profile	2001-namibia-population-and-housing-census-oshikoto-regional-profile	http://www.npc.gov.na/	Detailed results of 2001 Population and Housing Census for the Ohsikoto region	\N	\N	2003	1	\N	131	2011-05-09 22:56:11.719498	2011-05-09 22:56:11.719498	0	0	\N	t	0
129	2001 Namibia Population and Housing Census, Otjozondjupa Regional Profile	2001-namibia-population-and-housing-census-otjozondjupa-regional-profile	http://www.npc.gov.na/	Detailed results of 2001 Population and Housing Census for the Otjozondjupa region	\N	\N	2003	1	\N	132	2011-05-09 22:56:11.752189	2011-05-09 22:56:11.752189	0	0	\N	t	0
130	2001 Namibia Population and Housing Census	2001-namibia-population-and-housing-census	http://www.npc.gov.na/	Report covering detailed results of the 2001 Population and Housing Census	\N	\N	2003	1	\N	133	2011-05-09 22:56:11.785067	2011-05-09 22:56:11.785067	0	0	\N	t	0
131	National Accounts 2000-2009	national-accounts-2000-2009	http://www.npc.gov.na/	National accounts publication contains time series of main aggregates for 2000-2008, both at current and constant prices.	\N	\N	2010	1	\N	134	2011-05-09 22:56:11.819022	2011-05-09 22:56:11.819022	0	0	\N	t	0
132	Namibia Household Income & Expenditure Survey, 2003-2004	namibia-household-income-expenditure-survey-2003-2004	http://www.npc.gov.na/cbs/index.htm	First Income & Expenditure Survey in Namibia; objectives include providing data necessary for policy making at different sectors/levels and M&E of various development programmes.	\N	\N	2006	1	\N	135	2011-05-09 22:56:11.853835	2011-05-09 22:56:11.853835	0	0	\N	t	0
133	Namibia National Health Accounts 2001/02-2006/07	namibia-national-health-accounts-2001-02-2006-07	http://www.healthnet.org.na/	describes financial flows for health care, including public, private, and donor contributions; internationally-accepted framework to track expenditures for a given year	\N	\N	2008	1	\N	136	2011-05-09 22:56:11.887528	2011-05-09 22:56:11.887528	0	0	\N	t	0
149	Senegal Demographic and Health Survey, 2005	senegal-demographic-and-health-survey-2005	http://www.measuredhs.com	Key demographic and health indicators for Senegal (2005). Topics include: household and respondent characteristics, fertility and family planning, maternal and child health, nutrition, and HIV/AIDS.	\N	\N	2006	1	\N	157	2011-05-09 22:56:13.086124	2011-05-09 22:56:13.086124	0	0	\N	t	0
134	Economic and Social Situation In The Regions	economic-and-social-situation-in-the-regions	http://www.ansd.sn	The Regional Services of Statistics and Demography try, year after year, to provide an overview of the economic and social areas of Senegal, trying to identify strengths and weaknesses.This publication is just a summary of the key modes of operation of the regional economy and tries to embrace almost all of the areas of economic and social activity in the region. It is particularly highlight the quantitative information and attempts, through analysis summary, describe the situation in each sector at regional level.	\N	\N	2009	1	\N	137	2011-05-09 22:56:12.086228	2011-05-09 22:56:12.086228	0	0	\N	t	0
135	Note D'analyse Des Comptes Nationaux Du Sngal (Audit of National Accounts of Senegal), 2004-2006	note-d-analyse-des-comptes-nationaux-du-senegal-audit-of-national-accounts-of-senegal-2004-2006	http://www.ansd.sn/	Analysis of national accounts in two parts - summary results, tables; summarizes results of final accounts for 2004, semi-final for 2005, and preliminary for 2006	\N	\N	2007	1	\N	138	2011-05-09 22:56:12.133232	2011-05-09 22:56:12.133232	0	0	\N	t	0
136	Economic and Social Situation of Senegal	economic-and-social-situation-of-senegal	http://www.ansd.sn/	These report present population characteristics (size, composition by age, sex, etc..), their future and their dynamic\r\nfrom the main demographic phenomena that are fertility, mortality, nuptiality and migration. The analysis focuses on changes\r\nof these phenomenon in time and space, given socio-economic and cultural. Analyses based on statistical information from censuses, DHS and population projections.	\N	\N	2010	1	\N	139	2011-05-09 22:56:12.175381	2011-05-09 22:56:12.175381	0	0	\N	t	0
137	Monthly Bulletin of Economic Statistics, January 2008-October 2010	monthly-bulletin-of-economic-statistics-january-2008-october-2010	http://www.ansd.sn/	This is a monthly publication (2008-2010)\r\nIt gives statistics into four parts: primary, secondary, tertiary and other statistiques.Le primary sector includes agriculture (final results of the previous crop year), livestock (slaughter controlled in Senegal) and fishing craft. The secondary sector deals with industrial production (quantity index) and consumption in the tertiary sector lectricit.Le trafficking of transport (land, sea, air). Other statistics concerning foreign trade (trade value), prices (Harmonised Index of Consumer Prices detailed in four quarters), public finance and tourism.	\N	\N	2010	1	\N	141	2011-05-09 22:56:12.228937	2011-05-09 22:56:12.228937	0	0	\N	t	0
138	Monthly Bulletin of Economic Statistics, September 2010	monthly-bulletin-of-economic-statistics-september-2010	http://www.ansd.sn/	Statistics in four sectors: agriculture, livestock, fishing; industrial production and electricity; transportation; foreign trades, prices, public finance, tourism	\N	\N	2010	1	\N	143	2011-05-09 22:56:12.382051	2011-05-09 22:56:12.382051	0	0	\N	t	0
139	Audit Report of Public Markets, 2008	audit-report-of-public-markets-2008	http://www.armp.sn	These reports provide information on efficiency, fairliness of attribution, implementation controle system of public markets used by government services and other public services delegated constituancies. The audits are conducted on a yearly basis under the responsabilite of the regulatory authoroty for public markets (ARMP) following national regulation according to article 2.13 of the fonctionning of ARMP. Reports are sent to the President of the Republic, the Prime Minister, the President of the National Assembly and the President of the Account course. It provides any appropriate recommendations for improvement. The information provided concernes all governement ministries	\N	\N	2008	1	\N	145	2011-05-09 22:56:12.427614	2011-05-09 22:56:12.427614	0	0	\N	t	0
140	Survey On The Use of Ict,	survey-on-the-use-of-ict	http://www.artp.sn	In 2009, Regulatory agency for post and telecommunication (ARTP) requested from the National Agency of Statistics and Demography (ANSD), a National Survey on Information Technology and\r\nCommunication in Senegal (ENTICE). Considering the specific areas covered, the investigation focused on two distinct components, each component being conducted independently; the survey in households and individuals, and secondly, the survey companies and administrations. The survey looked at equipments, access and use of ICT in households, administration services and private enterprises. It also focused on e trade.	\N	\N	2009	1	\N	146	2011-05-09 22:56:12.468391	2011-05-09 22:56:12.468391	0	0	\N	t	0
141	Telecommunication Costs Evolution 2009	telecommunication-costs-evolution-2009	http://www.artp-senegal.org	The report presents the telecommnication landscape 2009, the evolution of costs and ECOWAS benchmark on telecommunication pricing 2009	\N	\N	2009	1	\N	147	2011-05-09 22:56:12.516986	2011-05-09 22:56:12.516986	0	0	\N	t	0
142	Annual Report of Accounts 2008	annual-report-of-accounts-2008	http://www.courdescomptes.sn	Provides information on activities conducted by the cour for the period, 13 different public administration services audited, findings and recommendations for actions to be taken by the President of the Republic for greater transparency and good governance in the execution of public services and management of public finance.	\N	\N	2008	1	\N	148	2011-05-09 22:56:12.660542	2011-05-09 22:56:12.660542	0	0	\N	t	0
143	Agricultural Census 1998-1999	agricultural-census-1998-1999	http://www.ansd.sn/	survey of state of agriculture in Senegal	\N	\N	1999	1	\N	149	2011-05-09 22:56:12.700238	2011-05-09 22:56:12.700238	0	0	\N	t	0
144	Malaria Indicator Survey, 2006	malaria-indicator-survey-2006	http://www.measuredhs.com/	First MIS in Senegal; provides information about use of mosquito nets, prevention of malaria during pregnancy, treatment of fever in young children, indoor residual insecticide spraying. It was conducted from November to December 2006	\N	\N	2006	1	\N	150	2011-05-09 22:56:12.759274	2011-05-09 22:56:12.759274	0	0	\N	t	0
145	Malaria Indicator Survey, 2008-2009	malaria-indicator-survey-2008-2009	http://www.sante.gouv.sn	This report presents the results of the second National Survey on Malaria in Senegal\r\n(ENPS-II 2008-2009), This\r\nsurvey was conducted from November 2008 to January 2009. It provides information on household caracteristics, mosquito nets possession and use, fertility and mortality, malaria prevention and treatment, insecticide spraying	\N	\N	2,009	1	\N	152	2011-05-09 22:56:12.81512	2011-05-09 22:56:12.81512	0	0	\N	t	0
146	Senegal Demographic and Health Survey, 1997	senegal-demographic-and-health-survey-1997	http://www.measuredhs.com	Key demographic and health indicators for Senegal (1997). Topics include: household and respondent characteristics, fertility and family planning, maternal and child health, nutrition, and HIV/AIDS.	\N	\N	1997	1	\N	154	2011-05-09 22:56:12.956659	2011-05-09 22:56:12.956659	0	0	\N	t	0
147	Senegal Demographic and Health Survey, 1999	senegal-demographic-and-health-survey-1999	http://www.measuredhs.com	Key demographic and health indicators for Senegal (1999). Topics include: household and respondent characteristics, fertility and family planning, maternal and child health, nutrition, and HIV/AIDS.	\N	\N	2000	1	\N	155	2011-05-09 22:56:12.996926	2011-05-09 22:56:12.996926	0	0	\N	t	0
148	Senegal Demographic and Health Survey, 1986	senegal-demographic-and-health-survey-1986	http://www.measuredhs.com	Key demographic and health indicators for Senegal (1986). Topics include: household and respondent characteristics, fertility and family planning, maternal and child health, nutrition, and HIV/AIDS.	\N	\N	1988	1	\N	156	2011-05-09 22:56:13.03813	2011-05-09 22:56:13.03813	0	0	\N	t	0
150	Senegal Demographic and Health Survey, 1992	senegal-demographic-and-health-survey-1992	http://www.measuredhs.com	Key demographic and health indicators for Senegal (1992). Topics include: household and respondent characteristics, fertility and family planning, maternal and child health, nutrition, and HIV/AIDS.	\N	\N	1994	1	\N	158	2011-05-09 22:56:13.124279	2011-05-09 22:56:13.124279	0	0	\N	t	0
151	Annuaire Statistique 2009	annuaire-statistique-2009	http://www.sante.gouv.sn	The health repertoire is a presentation of the national health system, organization and policy. In its second part, the document provides information on the health infrastructures, the resources (human and financial) \r\nThe third section describes the health services offered at each level of the health pyramid. The document also provides information on the epidemiological situation of the country.	\N	\N	2009	1	\N	159	2011-05-09 22:56:13.273397	2011-05-09 22:56:13.273397	0	0	\N	t	0
152	Plan Sesam Report 2009	plan-sesam-report-2009	http://www.sante.gouv.sn	The document is an activity report of the national plan sesam. It presents activities and health services offered to people aged over 60 years within the country.	\N	\N	2009	1	\N	160	2011-05-09 22:56:13.307069	2011-05-09 22:56:13.307069	0	0	\N	t	0
153	Sentinel Surveillance On Ist/HIV/AIDS	sentinel-surveillance-on-ist-hiv-aids	http://www.cnls-senegal.org	conducted on a yearly basis the surveillance of HIV and ISTs within Senegal. It provides information on the figures, HIV and IST prevalence among pregnant women, tuberculosis and ISTporters.	\N	\N	2009	1	\N	162	2011-05-09 22:56:13.350446	2011-05-09 22:56:13.350446	0	0	\N	t	0
154	Economic and Political Empowerment of Women Living With HIV/AIDS In Senegal	economic-and-political-empowerment-of-women-living-with-hiv-aids-in-senegal	http://www.ancs.sn	This study examines the factors determining economic and political empowerment of women living with HIV/AIDS in Dakar Senegal. The report presents profile of WLAIDS, lists social factors and constraints influencing women's financial authonomy and access to decision making bodies. It also examines the legal environment mainly the recent law on HIV/AIDS and how it takes into account the needs of WLAIDS. Finally the report provides recommendations on how to improve WLAIDS economic and political authonomy.	\N	\N	2010	1	\N	163	2011-05-09 22:56:13.396202	2011-05-09 22:56:13.396202	0	0	\N	t	0
155	The Feminization of HIV/AIDS In Senegal	the-feminization-of-hiv-aids-in-senegal	http://www.fhi-senegal.org	This report describes the influencing factors of HIV spraid amoung women in four regions senegal including Dakar, Ziguinchor, Kaolack and Saint-Louis. It analyses the current strategies and provides information on the corrective measures to reduce the feminisation of HIV.	\N	\N	2010	1	\N	165	2011-05-09 22:56:13.571792	2011-05-09 22:56:13.571792	0	0	\N	t	0
\.


--
-- Data for Name: delayed_jobs; Type: TABLE DATA; Schema: public; Owner: hong
--

COPY delayed_jobs (id, priority, attempts, handler, last_error, run_at, locked_at, failed_at, locked_by, created_at, updated_at) FROM stdin;
\.


--
-- Data for Name: documents; Type: TABLE DATA; Schema: public; Owner: hong
--

COPY documents (id, data_record_id, external_url, file_file_name, file_content_type, file_file_size, file_updated_at, created_at, updated_at, document_type, title) FROM stdin;
1	1	http://www.agighana.org/Publications.aspx	\N	\N	\N	\N	2011-05-09 22:56:03.733807	2011-05-09 22:56:03.733807	Report	Association of Ghana Industries Business Barometer
2	2	http://www.ajtmh.org/cgi/content/abstract/73/1/63	\N	\N	\N	\N	2011-05-09 22:56:03.930772	2011-05-09 22:56:03.930772	Journal Article	HIV Prevalence and Risk Factors In Women of Accra: Results From The Women's Health Study of Accra
3	3	http://www.measuredhs.com/countries/metadata.cfm?surv_id=185&ctry_id=14&SrvyTp=ctry&cn=Ghana	\N	\N	\N	\N	2011-05-09 22:56:03.985869	2011-05-09 22:56:03.985869	Report	Mch Spa, 2000
4	4	http://www.measuredhs.com/countries/metadata.cfm?surv_id=58&ctry_id=14&SrvyTp=ctry&cn=Ghana	\N	\N	\N	\N	2011-05-09 22:56:04.034095	2011-05-09 22:56:04.034095	Report	Final Report
5	5	http://www.measuredhs.com/pubs/pub_details.cfm?ID=274&ctry_id=14&SrchTp=ctry	\N	\N	\N	\N	2011-05-09 22:56:04.076479	2011-05-09 22:56:04.076479	Report	Final Report
6	6	http://www.measuredhs.com/pubs/pub_details.cfm?ID=325&ctry_id=14&SrchTp=ctry	\N	\N	\N	\N	2011-05-09 22:56:04.243444	2011-05-09 22:56:04.243444	Report	Final Report
7	7	http://www.measuredhs.com/pubs/pub_details.cfm?ID=644&ctry_id=14&SrchTp=ctry	\N	\N	\N	\N	2011-05-09 22:56:04.289524	2011-05-09 22:56:04.289524	Report	Final Report
8	8	http://www.measuredhs.com/pubs/pub_details.cfm?ID=902&ctry_id=14&SrchTp=ctry	\N	\N	\N	\N	2011-05-09 22:56:04.343795	2011-05-09 22:56:04.343795	Report	Ghana Maternal Health Survey, 2007
9	9	http://www.measuredhs.com/pubs/pub_details.cfm?ID=955&ctry_id=14&SrchTp=ctry	\N	\N	\N	\N	2011-05-09 22:56:04.381445	2011-05-09 22:56:04.381445	Report	Final Report
10	10	http://www.mofep.gov.gh/budget2000.cfm	\N	\N	\N	\N	2011-05-09 22:56:04.541575	2011-05-09 22:56:04.541575	Report	Budget
11	11	http://www.mofep.gov.gh/budget2001.cfm	\N	\N	\N	\N	2011-05-09 22:56:04.585654	2011-05-09 22:56:04.585654	Report	Budget
12	12	http://www.mofep.gov.gh/budget2002.cfm	\N	\N	\N	\N	2011-05-09 22:56:04.631824	2011-05-09 22:56:04.631824	Report	Budget
13	13	http://www.mofep.gov.gh/budget2003.cfm	\N	\N	\N	\N	2011-05-09 22:56:04.675993	2011-05-09 22:56:04.675993	Report	Budget of Ghana, 2003
14	14	http://www.mofep.gov.gh/budget2004.cfm	\N	\N	\N	\N	2011-05-09 22:56:04.730954	2011-05-09 22:56:04.730954	Report	Budget
15	15	http://www.mofep.gov.gh/budget2005.cfm	\N	\N	\N	\N	2011-05-09 22:56:04.880593	2011-05-09 22:56:04.880593	Report	Budget
16	16	http://www.mofep.gov.gh/budget2006.cfm	\N	\N	\N	\N	2011-05-09 22:56:04.921622	2011-05-09 22:56:04.921622	Report	Budget
17	17	http://www.mofep.gov.gh/budget2007.cfm	\N	\N	\N	\N	2011-05-09 22:56:04.963354	2011-05-09 22:56:04.963354	Report	Budget
18	18	http://www.mofep.gov.gh/budget2008.cfm	\N	\N	\N	\N	2011-05-09 22:56:05.006361	2011-05-09 22:56:05.006361	Report	Budget
19	19	http://www.mofep.gov.gh/budget2009.cfm	\N	\N	\N	\N	2011-05-09 22:56:05.048359	2011-05-09 22:56:05.048359	Report	Budget
20	20	http://www.mofep.gov.gh/budget2010fm	\N	\N	\N	\N	2011-05-09 22:56:05.197	2011-05-09 22:56:05.197	Report	Budget
21	21	http://www.mofep.gov.gh/budget2011.cfm	\N	\N	\N	\N	2011-05-09 22:56:05.236241	2011-05-09 22:56:05.236241	Report	Budget
22	22	http://www.ncbi.nlm.nih.gov/pmc/articles/PMC2367144/	\N	\N	\N	\N	2011-05-09 22:56:05.28316	2011-05-09 22:56:05.28316	Journal Article	Influence of Social Connectedness, Communication and Monitoring On Adolescent Sexual Activity In Ghana
23	23	http://www.ndpc.gov.gh/GPRS/AnnualProgressReport-2008.pdf	\N	\N	\N	\N	2011-05-09 22:56:05.326821	2011-05-09 22:56:05.326821	Report	2008 Annual Progress Report
24	24	http://www.ndpc.gov.gh/GPRS/Citizens'%20Assessment%20of%20NHIS%202008.pdf	\N	\N	\N	\N	2011-05-09 22:56:05.481708	2011-05-09 22:56:05.481708	Report	Citizens' Assessment of The National Health Insurance Scheme In Ghana
25	25	http://www.ndpc.gov.gh/GPRS/GPRS%20I%202003-2005.pdf	\N	\N	\N	\N	2011-05-09 22:56:05.528629	2011-05-09 22:56:05.528629	Report	Ghana Poverty Reduction Strategy (Gprs I)
26	26	http://www.ndpc.gov.gh/GPRS/GPRS%20II%202006.pdf	\N	\N	\N	\N	2011-05-09 22:56:05.56926	2011-05-09 22:56:05.56926	Report	Growth and Poverty Reduction Strategy (Gprs Ii) 2006-2009
27	27	http://www.sendwestafrica.org/west/index.php?option=com_phocadownload&view=category&id=29:mdg&Itemid=69	\N	\N	\N	\N	2011-05-09 22:56:05.610666	2011-05-09 22:56:05.610666	Report	Ghana Civil Society Monitoring: Mdg Mornitoring Report
28	28	http://www.sendwestafrica.org/west/index.php?option=com_phocadownload&view=category&id=36:agriculture&Itemid=69	\N	\N	\N	\N	2011-05-09 22:56:05.653129	2011-05-09 22:56:05.653129	Report	Free Trade, Small Scale Production and Poverty
29	29	http://www.statsghana.gov.gh/docfiles/glss5_report.pdf	\N	\N	\N	\N	2011-05-09 22:56:05.801052	2011-05-09 22:56:05.801052	Report	Ghana Living Standards Survey, Report of The Fifth Round (Glss 5)
30	30	http://www.unicef.org/evaldatabase/files/GHA_01-006.pdf	\N	\N	\N	\N	2011-05-09 22:56:05.859118	2011-05-09 22:56:05.859118	Report	Rights and Equity In The Classroom: A Case Study of Classroom Interactions In Basic Schools In Ghana
31	31	http://www.unicef.org/socialpolicy/files/Ghana_Social_Protectio_ODI_UNICEF.org	\N	\N	\N	\N	2011-05-09 22:56:05.91955	2011-05-09 22:56:05.91955	Report	High Impact Rapid Delivery Supplementary Survey, 2007/2008
32	32	www.unodc.org/documents/data.../Executive_Summary_GHANA_final.pdf	\N	\N	\N	\N	2011-05-09 22:56:06.074276	2011-05-09 22:56:06.074276	Report	Victimisation Survey In Ghana
33	33	http://www.healthnet.org.na/documents.html	\N	\N	\N	\N	2011-05-09 22:56:06.271449	2011-05-09 22:56:06.271449	Report	Namibia National Health Accounts Report 2003
34	34	http://www.healthnet.org.na/documents.html	\N	\N	\N	\N	2011-05-09 22:56:06.424736	2011-05-09 22:56:06.424736	Report	National Strategic Plan On HIV/AIDS: Third Medium Term Plan (Mtpiii) 2004 - 2009
35	35	http://www.healthnet.org.na/documents.html	\N	\N	\N	\N	2011-05-09 22:56:06.459337	2011-05-09 22:56:06.459337	Report	Equity In Health Care In Namibia Towards Needs Based Resource Allocation Formula
36	36	http://www.healthnet.org.na/documents.html	\N	\N	\N	\N	2011-05-09 22:56:06.508014	2011-05-09 22:56:06.508014	Report	Study On The Knowledge, Beliefs, Perceptions, Attitudes and Practices On Voluntary Non-Remunarated Blood Bonations In Namibia - 2006
37	37	http://www.healthnet.org.na/documents.html	\N	\N	\N	\N	2011-05-09 22:56:06.544281	2011-05-09 22:56:06.544281	Report	2006 National HIV Sentinel Survey Report
38	38	http://www.healthnet.org.na/documents.html	\N	\N	\N	\N	2011-05-09 22:56:06.579601	2011-05-09 22:56:06.579601	Report	A Guide To HIV AIDS Workplace Programmes
39	39	http://www.healthnet.org.na/documents.html	\N	\N	\N	\N	2011-05-09 22:56:06.733521	2011-05-09 22:56:06.733521	Report	Final National Policy On HIV/AIDS
40	40	http://www.healthnet.org.na/documents.html	\N	\N	\N	\N	2011-05-09 22:56:06.768435	2011-05-09 22:56:06.768435	Report	Mid Term Review of Third Medium Term Plan On HIV_AIDS
41	41	http://www.healthnet.org.na/documents.html	\N	\N	\N	\N	2011-05-09 22:56:06.806425	2011-05-09 22:56:06.806425	Report	2008 National HIV Sentinel Survey Report
42	42	http://www.healthnet.org.na/documents.html	\N	\N	\N	\N	2011-05-09 22:56:06.842953	2011-05-09 22:56:06.842953	Report	Estimate and Projections of The Impact of HIV_AIDS In Namibia
43	43	http://www.healthnet.org.na/documents.html	\N	\N	\N	\N	2011-05-09 22:56:06.884691	2011-05-09 22:56:06.884691	Report	Joint Gamet/Unaids Monitoring and Evaluation Mission To Namibia 2005
44	44	http://www.healthnet.org.na/documents.html	\N	\N	\N	\N	2011-05-09 22:56:06.92025	2011-05-09 22:56:06.92025	Report	Mohss Health System Review
45	45	http://www.healthnet.org.na/documents.html	\N	\N	\N	\N	2011-05-09 22:56:07.062835	2011-05-09 22:56:07.062835	Report	Namibia National Health Accounts 2008 Reports
46	46	http://www.healthnet.org.na/documents.html	\N	\N	\N	\N	2011-05-09 22:56:07.101322	2011-05-09 22:56:07.101322	Report	National Tb and HIV Targets
47	47	http://www.healthnet.org.na/documents.html	\N	\N	\N	\N	2011-05-09 22:56:07.136234	2011-05-09 22:56:07.136234	Report	Final Report
48	48	http://www.healthnet.org.na/documents/annual_reports/Annual%20Report%202007-2008.pdf	\N	\N	\N	\N	2011-05-09 22:56:07.170334	2011-05-09 22:56:07.170334	Report	Ministry of Health and Social Services:  2007-2008 Annual Report
49	49	http://www.healthnet.org.na/documents/annual_reports/MoHSS%2020052006%20Annual%20Report%20group%2008_10_2007-Final.pdf	\N	\N	\N	\N	2011-05-09 22:56:07.204854	2011-05-09 22:56:07.204854	Report	Ministry of Health and Social Services:  2005-2006 Annual Report
50	50	http://www.healthnet.org.na/documents/reports/Namibia%20Health%20&%20HIV%20resource%20tracking.pdf	\N	\N	\N	\N	2011-05-09 22:56:07.23866	2011-05-09 22:56:07.23866	Report	Namibia Health and HIV/AIDS Resource Tracking 2007/08 & 2008/09
51	51	http://www.mof.gov.na/budget.htm	\N	\N	\N	\N	2011-05-09 22:56:07.383352	2011-05-09 22:56:07.383352	Report	Accountability Report Medium Term Expenditure Framework
52	52	http://www.mof.gov.na/budget.htm	\N	\N	\N	\N	2011-05-09 22:56:07.426083	2011-05-09 22:56:07.426083	Report	National Budget For 2009/10- 2011/12: Estimates Revenue and Expenditure
53	53	http://www.mof.gov.na/budget.htm	\N	\N	\N	\N	2011-05-09 22:56:07.45987	2011-05-09 22:56:07.45987	Report	National Budget For 2009/10- 2011/12: Fiscal Policy Framework
54	54	http://www.mof.gov.na/budget.htm	\N	\N	\N	\N	2011-05-09 22:56:07.493453	2011-05-09 22:56:07.493453	Report	National Budget For 2009/10- 2011/12: Macroeconomic Framework
55	55	http://www.mof.gov.na/budget.htm	\N	\N	\N	\N	2011-05-09 22:56:07.525402	2011-05-09 22:56:07.525402	Other	National Budget For 2009/10: Budget At A Glance
56	56	http://www.mof.gov.na/budget.htm	\N	\N	\N	\N	2011-05-09 22:56:07.560575	2011-05-09 22:56:07.560575	Other	National Budget For 2009/10: Budget Speech
57	57	http://www.mof.gov.na/budget.htm	\N	\N	\N	\N	2011-05-09 22:56:07.714458	2011-05-09 22:56:07.714458	Report	Accountability Report
58	58	http://www.mof.gov.na/budget.htm	\N	\N	\N	\N	2011-05-09 22:56:07.74908	2011-05-09 22:56:07.74908	Other	National Budget For 2010/11:  Estimates Revenue and Expenditure
59	59	http://www.mof.gov.na/budget.htm	\N	\N	\N	\N	2011-05-09 22:56:07.783424	2011-05-09 22:56:07.783424	Report	National Budget For 2010/11:  Macroeconomic Framework
60	60	http://www.mof.gov.na/budget.htm	\N	\N	\N	\N	2011-05-09 22:56:07.82027	2011-05-09 22:56:07.82027	Report	201011 Mtef
61	61	http://www.mof.gov.na/budget.htm	\N	\N	\N	\N	2011-05-09 22:56:07.85273	2011-05-09 22:56:07.85273	Other	Statememt To Parliament
62	62	http://www.mof.gov.na/budget.htm	\N	\N	\N	\N	2011-05-09 22:56:08.017284	2011-05-09 22:56:08.017284	Other	Development Budget
63	63	http://www.mof.gov.na/download.htm	\N	\N	\N	\N	2011-05-09 22:56:08.050234	2011-05-09 22:56:08.050234	Report	Annual Budget For  2006-07 To 2008-09:  Macroeconomic Framework
64	64	http://www.mof.gov.na/download.htm	\N	\N	\N	\N	2011-05-09 22:56:08.084583	2011-05-09 22:56:08.084583	Report	2006-07 Estimates of Revenue and Expenditure
65	65	http://www.mof.gov.na/download.htm	\N	\N	\N	\N	2011-05-09 22:56:08.118508	2011-05-09 22:56:08.118508	Report	Annual Budget For 2006-07 Medium Term Expenditure Framework
66	66	http://www.mof.gov.na/download.htm	\N	\N	\N	\N	2011-05-09 22:56:08.151418	2011-05-09 22:56:08.151418	Report	Annual Budget For 2006-07:  Budget Brief
67	67	http://www.mof.gov.na/download.htm	\N	\N	\N	\N	2011-05-09 22:56:08.187414	2011-05-09 22:56:08.187414	Other	Budget Speech
68	68	http://www.mof.gov.na/download.htm	\N	\N	\N	\N	2011-05-09 22:56:08.325236	2011-05-09 22:56:08.325236	Report	2007-08 Budget Speech
69	69	http://www.mof.gov.na/download.htm	\N	\N	\N	\N	2011-05-09 22:56:08.357425	2011-05-09 22:56:08.357425	Report	2007-08 Estimates of Revenue and Expenditure
70	70	http://www.mof.gov.na/download.htm	\N	\N	\N	\N	2011-05-09 22:56:08.391459	2011-05-09 22:56:08.391459	Report	2007-08 Medium Term Expenditure Framework
71	71	http://www.mof.gov.na/download.htm	\N	\N	\N	\N	2011-05-09 22:56:08.426005	2011-05-09 22:56:08.426005	Report	2007-08 Macroeconomic and Budgetary Framework
72	72	http://www.mof.gov.na/download.htm	\N	\N	\N	\N	2011-05-09 22:56:08.456542	2011-05-09 22:56:08.456542	Report	2007-08 Budget Brief
73	73	http://www.mof.gov.na/download.htm	\N	\N	\N	\N	2011-05-09 22:56:08.48928	2011-05-09 22:56:08.48928	Other	Budget Speech
74	74	http://www.mof.gov.na/download.htm	\N	\N	\N	\N	2011-05-09 22:56:08.630833	2011-05-09 22:56:08.630833	Other	Budget At A Glance
75	75	http://www.mof.gov.na/download.htm	\N	\N	\N	\N	2011-05-09 22:56:08.663404	2011-05-09 22:56:08.663404	Other	Fiscal Policy Framework
76	76	http://www.mof.gov.na/download.htm	\N	\N	\N	\N	2011-05-09 22:56:08.698666	2011-05-09 22:56:08.698666	Other	Budget Speech
77	77	http://www.npc.gov.na/npc/census_data.html	\N	\N	\N	\N	2011-05-09 22:56:08.733266	2011-05-09 22:56:08.733266	Data	2001 Population Census - Detailed Tables - Caprivi
78	78	http://www.npc.gov.na/npc/census_data.html	\N	\N	\N	\N	2011-05-09 22:56:08.777618	2011-05-09 22:56:08.777618	Data	2001 Population Census - Detailed Tables - Erongo
79	79	http://www.npc.gov.na/npc/census_data.html	\N	\N	\N	\N	2011-05-09 22:56:08.81534	2011-05-09 22:56:08.81534	Data	2001 Population Census - Detailed Tables - Hardap
80	80	http://www.npc.gov.na/npc/census_data.html	\N	\N	\N	\N	2011-05-09 22:56:08.958474	2011-05-09 22:56:08.958474	Data	2001 Population Census - Detailed Tables - Karas
81	81	http://www.npc.gov.na/npc/census_data.html	\N	\N	\N	\N	2011-05-09 22:56:08.997199	2011-05-09 22:56:08.997199	Data	2001 Population Census - Detailed Tables - Kavango
82	82	http://www.npc.gov.na/npc/census_data.html	\N	\N	\N	\N	2011-05-09 22:56:09.034998	2011-05-09 22:56:09.034998	Data	2001 Population Census - Detailed Tables - Khomas
83	83	http://www.npc.gov.na/npc/census_data.html	\N	\N	\N	\N	2011-05-09 22:56:09.073406	2011-05-09 22:56:09.073406	Data	2001 Population Census - Detailed Tables - Kunene
84	84	http://www.npc.gov.na/npc/census_data.html	\N	\N	\N	\N	2011-05-09 22:56:09.11071	2011-05-09 22:56:09.11071	Data	2001 Population Census - Detailed Tables - Namibia
85	85	http://www.npc.gov.na/npc/census_data.html	\N	\N	\N	\N	2011-05-09 22:56:09.255236	2011-05-09 22:56:09.255236	Data	2001 Population Census - Detailed Tables - Ohangwena
86	86	http://www.npc.gov.na/npc/census_data.html	\N	\N	\N	\N	2011-05-09 22:56:09.294075	2011-05-09 22:56:09.294075	Data	2001 Population Census - Detailed Tables - Omaheke
87	87	http://www.npc.gov.na/npc/census_data.html	\N	\N	\N	\N	2011-05-09 22:56:09.331829	2011-05-09 22:56:09.331829	Data	2001 Population Census - Detailed Tables - Omusati
88	88	http://www.npc.gov.na/npc/census_data.html	\N	\N	\N	\N	2011-05-09 22:56:09.370041	2011-05-09 22:56:09.370041	Data	2001 Population Census - Detailed Tables - Oshana
89	89	http://www.npc.gov.na/npc/census_data.html	\N	\N	\N	\N	2011-05-09 22:56:09.408335	2011-05-09 22:56:09.408335	Data	2001 Population Census - Detailed Tables - Oshikoto
90	90	http://www.npc.gov.na/npc/census_data.html	\N	\N	\N	\N	2011-05-09 22:56:09.553038	2011-05-09 22:56:09.553038	Data	2001 Population Census - Detailed Tables - Otjozondjupa
91	91	http://www.npc.gov.na/npc/census_data.html	\N	\N	\N	\N	2011-05-09 22:56:09.591708	2011-05-09 22:56:09.591708	Report	2001 Population Census - Final Report - Caprivi
92	92	http://www.npc.gov.na/npc/census_data.html	\N	\N	\N	\N	2011-05-09 22:56:09.641267	2011-05-09 22:56:09.641267	Report	2001 Population Census - Final Report - Erongo
93	93	http://www.npc.gov.na/npc/census_data.html	\N	\N	\N	\N	2011-05-09 22:56:09.679416	2011-05-09 22:56:09.679416	Report	2001 Population Census - Final Report - Hardap
94	94	http://www.npc.gov.na/npc/census_data.html	\N	\N	\N	\N	2011-05-09 22:56:09.71737	2011-05-09 22:56:09.71737	Report	2001 Population Census - Final Report - Karas
95	95	http://www.npc.gov.na/npc/census_data.html	\N	\N	\N	\N	2011-05-09 22:56:09.864127	2011-05-09 22:56:09.864127	Report	2001 Population Census - Final Report - Kavango
96	96	http://www.npc.gov.na/npc/census_data.html	\N	\N	\N	\N	2011-05-09 22:56:09.90437	2011-05-09 22:56:09.90437	Report	2001 Population Census - Final Report - Khomas
97	97	http://www.npc.gov.na/npc/census_data.html	\N	\N	\N	\N	2011-05-09 22:56:09.943733	2011-05-09 22:56:09.943733	Report	2001 Population Census - Final Report - Kunene
98	98	http://www.npc.gov.na/npc/census_data.html	\N	\N	\N	\N	2011-05-09 22:56:09.982729	2011-05-09 22:56:09.982729	Report	2001 Population Census - Final Report - Namibia
99	99	http://www.npc.gov.na/npc/census_data.html	\N	\N	\N	\N	2011-05-09 22:56:10.023877	2011-05-09 22:56:10.023877	Report	2001 Population Census - Final Report - Ohangwena
100	100	http://www.npc.gov.na/npc/census_data.html	\N	\N	\N	\N	2011-05-09 22:56:10.16761	2011-05-09 22:56:10.16761	Report	2001 Population Census - Final Report - Omaheke
101	101	http://www.npc.gov.na/npc/census_data.html	\N	\N	\N	\N	2011-05-09 22:56:10.206483	2011-05-09 22:56:10.206483	Report	2001 Population Census - Final Report - Omusati
102	102	http://www.npc.gov.na/npc/census_data.html	\N	\N	\N	\N	2011-05-09 22:56:10.244544	2011-05-09 22:56:10.244544	Report	2001 Population Census - Final Report - Oshana
103	103	http://www.npc.gov.na/npc/census_data.html	\N	\N	\N	\N	2011-05-09 22:56:10.282603	2011-05-09 22:56:10.282603	Report	2001 Population Census - Final Report - Oshikoto
104	104	http://www.npc.gov.na/npc/census_data.html	\N	\N	\N	\N	2011-05-09 22:56:10.324147	2011-05-09 22:56:10.324147	Report	2001 Population Census - Final Report - Otjozondjupa
105	105	http://www.npc.gov.na/npc/census_data.html	\N	\N	\N	\N	2011-05-09 22:56:10.473166	2011-05-09 22:56:10.473166	Report	2001 Population Census - Population Projections
106	106	http://www.npc.gov.na/npc/publications.html	\N	\N	\N	\N	2011-05-09 22:56:10.509328	2011-05-09 22:56:10.509328	Report	Second Mdg Report : Progress At Mid-Term
107	107	http://www.npc.gov.na/npc/publications.html	\N	\N	\N	\N	2011-05-09 22:56:10.544606	2011-05-09 22:56:10.544606	Report	Summary Report of The 2003 Donor Round Table Conference
108	108	http://www.npc.gov.na/npc/publications.html	\N	\N	\N	\N	2011-05-09 22:56:10.579424	2011-05-09 22:56:10.579424	Report	An Analysis of The Economic Challenges of Namibia and How The Donor Community Could Assist
109	109	http://www.npc.gov.na/npc/publications.html	\N	\N	\N	\N	2011-05-09 22:56:10.615984	2011-05-09 22:56:10.615984	Report	A Review of Poverty and Inequality In Namibia 2008
110	110	http://www.npc.gov.na/npc/publications.html	\N	\N	\N	\N	2011-05-09 22:56:10.764642	2011-05-09 22:56:10.764642	Report	Namibia Millennium Development Goals - 2004
111	111	http://www.npc.gov.na/npc/publications.html	\N	\N	\N	\N	2011-05-09 22:56:10.796619	2011-05-09 22:56:10.796619	Data	Preliminary National Accounts 2008
112	112	http://www.npc.gov.na/npc/publications.html	\N	\N	\N	\N	2011-05-09 22:56:10.832468	2011-05-09 22:56:10.832468	Other	Quarterly Gross Domestic Product - First Quarter, 2009
113	113	http://www.npc.gov.na/npc/publications.html	\N	\N	\N	\N	2011-05-09 22:56:10.866147	2011-05-09 22:56:10.866147	Data	2010 Namibia Consumer Price Index (Ncpi)
114	114	http://www.npc.gov.na/npc/publications.html	\N	\N	\N	\N	2011-05-09 22:56:10.898035	2011-05-09 22:56:10.898035	Report	Highlights Over The Past 20 Years - March 2010
115	115	http://www.npc.gov.na/npc/publications.html	\N	\N	\N	\N	2011-05-09 22:56:10.933512	2011-05-09 22:56:10.933512	Report	Highlights Over The Past 20 Years, Foreword - March 2010
116	116	http://www.npc.gov.na/npc/publications.html	\N	\N	\N	\N	2011-05-09 22:56:11.082533	2011-05-09 22:56:11.082533	Report	Namibia Inter-Censal Demographic Survey Report 2006 - Revised 4 August 2010
117	117	http://www.npc.gov.na/publications/census_data/	\N	\N	\N	\N	2011-05-09 22:56:11.115024	2011-05-09 22:56:11.115024	Report	2001 Namibia Population and Housing Census, Caprivi Regional Profile
118	118	http://www.npc.gov.na/publications/census_data/	\N	\N	\N	\N	2011-05-09 22:56:11.152082	2011-05-09 22:56:11.152082	Report	2001 Namibia Population and Housing Census, Erongo Regional Profile
119	119	http://www.npc.gov.na/publications/census_data/	\N	\N	\N	\N	2011-05-09 22:56:11.191812	2011-05-09 22:56:11.191812	Report	2001 Namibia Population and Housing Census, Hardap Regional Profile
120	120	http://www.npc.gov.na/publications/census_data/	\N	\N	\N	\N	2011-05-09 22:56:11.226457	2011-05-09 22:56:11.226457	Report	2001 Namibia Population and Housing Census, Karas Regional Profile
121	121	http://www.npc.gov.na/publications/census_data/	\N	\N	\N	\N	2011-05-09 22:56:11.258421	2011-05-09 22:56:11.258421	Report	2001 Namibia Population and Housing Census, Kavango Regional Profile
122	122	http://www.npc.gov.na/publications/census_data/	\N	\N	\N	\N	2011-05-09 22:56:11.416668	2011-05-09 22:56:11.416668	Report	2001 Namibia Population and Housing Census, Khomas Regional Profile
123	123	http://www.npc.gov.na/publications/census_data/	\N	\N	\N	\N	2011-05-09 22:56:11.449366	2011-05-09 22:56:11.449366	Report	2001 Namibia Population and Housing Census, Kunene Regional Profile
124	124	http://www.npc.gov.na/publications/census_data/	\N	\N	\N	\N	2011-05-09 22:56:11.483888	2011-05-09 22:56:11.483888	Report	2001 Namibia Population and Housing Census, Ohangwena Regional Profile
125	125	http://www.npc.gov.na/publications/census_data/	\N	\N	\N	\N	2011-05-09 22:56:11.517396	2011-05-09 22:56:11.517396	Report	2001 Namibia Population and Housing Census, Omaheke Regional Profile
126	126	http://www.npc.gov.na/publications/census_data/	\N	\N	\N	\N	2011-05-09 22:56:11.54862	2011-05-09 22:56:11.54862	Report	2001 Namibia Population and Housing Census, Omusati Regional Profile
127	127	http://www.npc.gov.na/publications/census_data/	\N	\N	\N	\N	2011-05-09 22:56:11.583918	2011-05-09 22:56:11.583918	Report	2001 Namibia Population and Housing Census, Oshana Regional Profile
128	128	http://www.npc.gov.na/publications/census_data/	\N	\N	\N	\N	2011-05-09 22:56:11.726511	2011-05-09 22:56:11.726511	Report	2001 Namibia Population and Housing Census, Oshikoto Regional Profile
129	129	http://www.npc.gov.na/publications/census_data/	\N	\N	\N	\N	2011-05-09 22:56:11.759192	2011-05-09 22:56:11.759192	Report	2001 Namibia Population and Housing Census, Otjozondjupa Regional Profile
130	130	http://www.npc.gov.na/publications/census_data/Final_Report_Namibia.pdf	\N	\N	\N	\N	2011-05-09 22:56:11.791997	2011-05-09 22:56:11.791997	Report	2001 Namibia Population and Housing Census
131	131	http://www.npc.gov.na/publications/Preliminary_National_Accounts_2008.pdf	\N	\N	\N	\N	2011-05-09 22:56:11.82581	2011-05-09 22:56:11.82581	Report	National Accounts 2000-2009
132	132	http://www.sarpn.org.za/documents/d0002001/Namibia_Survey_Mar2006.pdf	\N	\N	\N	\N	2011-05-09 22:56:11.860546	2011-05-09 22:56:11.860546	Report	Namibia Household Income & Expenditure Survey, 2003-2004
133	133	http://www.who.int/nha/country/nam/Namibia_NHA_2001-2006.pdf	\N	\N	\N	\N	2011-05-09 22:56:11.894627	2011-05-09 22:56:11.894627	Report	Namibia National Health Accounts 2001/02-2006/07
134	134	http://www.ansd.sn/publications_SES_region.html	\N	\N	\N	\N	2011-05-09 22:56:12.093882	2011-05-09 22:56:12.093882	Report	Economic and Social Situation In The Regions
135	135	http://www.ansd.sn/publications/annuelles/NACN_0406.pdf	\N	\N	\N	\N	2011-05-09 22:56:12.140491	2011-05-09 22:56:12.140491	Report	Audit of National Accounts of Senegal, 2004-2006
136	136	http://www.ansd.sn/publications/annuelles/SES_2009.pdf	\N	\N	\N	\N	2011-05-09 22:56:12.189492	2011-05-09 22:56:12.189492	Report	Situation Economique Et Sociale Du Senegal 2009
137	137	http://www.ansd.sn/publications/conjoncturelles/bulletin_mens_statistique/BullStat_09_10.pdf	\N	\N	\N	\N	2011-05-09 22:56:12.347799	2011-05-09 22:56:12.347799	Other	Monthly Bulletin of Economic Statistics
138	138	http://www.ansd.sn/publications/conjoncturelles/bulletin_mens_statistique/BullStat_09_10.pdf	\N	\N	\N	\N	2011-05-09 22:56:12.392082	2011-05-09 22:56:12.392082	Report	Monthly Bulletin of Economic Statistics, September 2010
139	139	http://www.armp.sn/documents	\N	\N	\N	\N	2011-05-09 22:56:12.434433	2011-05-09 22:56:12.434433	Report	Audit Report of Public Markets, 2008
140	140	http://www.artp-senegal.org/telecharger/document_Enquete_nationale_sur_les_TIC_2009_319.pdf	\N	\N	\N	\N	2011-05-09 22:56:12.475259	2011-05-09 22:56:12.475259	Report	Survey On The Use of Ict,
141	141	http://www.artp-senegal.org/telecharger/document_Rapport_sur_levolution_des_tarifs_-_mai_2009_65.pdf	\N	\N	\N	\N	2011-05-09 22:56:12.524758	2011-05-09 22:56:12.524758	Report	Telecommunication Costs Evolution 2009
142	142	http://www.courdescomptes.sn/index	\N	\N	\N	\N	2011-05-09 22:56:12.667714	2011-05-09 22:56:12.667714	Report	Annual Report of Accounts 2008
143	143	http://www.fao.org/fileadmin/templates/ess/documents/world_census_of_agriculture/main_results_by_country/Senegal_2000.pdf	\N	\N	\N	\N	2011-05-09 22:56:12.707382	2011-05-09 22:56:12.707382	Report	Agricultural Census 1998-1999
144	144	http://www.measuredhs.com/pubs/pdf/MIS1/MIS1.pdf\r\n http://www.sante.gouv.sn	\N	\N	\N	\N	2011-05-09 22:56:12.775504	2011-05-09 22:56:12.775504	Report	Malaria Indicator Survey, 2006
145	145	http://www.measuredhs.com/pubs/pdf/MIS5/MIS/Brevised30Sep200.pdf	\N	\N	\N	\N	2011-05-09 22:56:12.824557	2011-05-09 22:56:12.824557	Report	Malaria Indicator Survey, 2009
146	146	http://www.measuredhs.com/pubs/pub_details.cfm?ID=131&srchTp=advanced	\N	\N	\N	\N	2011-05-09 22:56:12.963735	2011-05-09 22:56:12.963735	Report	Final Report
147	147	http://www.measuredhs.com/pubs/pub_details.cfm?ID=281&srchTp=advanced	\N	\N	\N	\N	2011-05-09 22:56:13.004293	2011-05-09 22:56:13.004293	Report	Final Report
148	148	http://www.measuredhs.com/pubs/pub_details.cfm?ID=319&srchTp=advanced	\N	\N	\N	\N	2011-05-09 22:56:13.04525	2011-05-09 22:56:13.04525	Report	Senegal Demographic and Health Survey, 1986
149	149	http://www.measuredhs.com/pubs/pub_details.cfm?ID=583&srchTp=advanced	\N	\N	\N	\N	2011-05-09 22:56:13.092882	2011-05-09 22:56:13.092882	Report	Final Report
150	150	http://www.measuredhs.com/pubs/pub_details.cfm?ID=96&srchTp=advanced	\N	\N	\N	\N	2011-05-09 22:56:13.131761	2011-05-09 22:56:13.131761	Report	Final Report
151	151	http://www.sante.gouv.sn/	\N	\N	\N	\N	2011-05-09 22:56:13.280335	2011-05-09 22:56:13.280335	Report	Annuaire Statistique 2009
152	152	http://www.sante.gouv.sn/IMG/pdf/rapportsesame	\N	\N	\N	\N	2011-05-09 22:56:13.322794	2011-05-09 22:56:13.322794	Report	Plan Sesam Report 2009
153	153	not available	\N	\N	\N	\N	2011-05-09 22:56:13.357304	2011-05-09 22:56:13.357304	Report	Bulletin De Surveillance Sentinelle Du Vih Et Des Ist
154	154	not available	\N	\N	\N	\N	2011-05-09 22:56:13.404527	2011-05-09 22:56:13.404527	Report	Autonomisation Economique Et Politique Des Femmes Vivant Avec Le Vih Au Senegal
155	155	not available	\N	\N	\N	\N	2011-05-09 22:56:13.58043	2011-05-09 22:56:13.58043	Report	Evaluation De La Feminisation Du Vih Au Senegal
\.


--
-- Data for Name: favorites; Type: TABLE DATA; Schema: public; Owner: hong
--

COPY favorites (id, user_id, data_record_id, created_at, updated_at) FROM stdin;
\.


--
-- Data for Name: locations; Type: TABLE DATA; Schema: public; Owner: hong
--

COPY locations (id, name, parent_id, lft, rgt, created_at, updated_at) FROM stdin;
14	Tonga	2	25	26	2011-05-09 22:55:26.383956	2011-05-09 22:55:26.383956
66	Algeria	65	129	130	2011-05-09 22:55:27.162316	2011-05-09 22:55:27.162316
63	United Kingdom	17	123	124	2011-05-09 22:55:27.134468	2011-05-09 22:55:27.134468
16	Vanuatu	2	29	30	2011-05-09 22:55:26.401853	2011-05-09 22:55:26.401853
1	Global	\N	1	400	2011-05-09 22:55:26.149334	2011-05-09 22:55:26.149334
2	Oceania	1	2	31	2011-05-09 22:55:26.156697	2011-05-09 22:55:26.156697
3	Australia	2	3	4	2011-05-09 22:55:26.168502	2011-05-09 22:55:26.168502
4	Fiji	2	5	6	2011-05-09 22:55:26.179519	2011-05-09 22:55:26.179519
5	Kiribati	2	7	8	2011-05-09 22:55:26.291453	2011-05-09 22:55:26.291453
6	Marshall Islands	2	9	10	2011-05-09 22:55:26.304332	2011-05-09 22:55:26.304332
7	Micronesia	2	11	12	2011-05-09 22:55:26.313425	2011-05-09 22:55:26.313425
8	Nauru	2	13	14	2011-05-09 22:55:26.325203	2011-05-09 22:55:26.325203
9	New Zealand	2	15	16	2011-05-09 22:55:26.333462	2011-05-09 22:55:26.333462
10	Palau	2	17	18	2011-05-09 22:55:26.344095	2011-05-09 22:55:26.344095
11	Papua New Guinea	2	19	20	2011-05-09 22:55:26.353194	2011-05-09 22:55:26.353194
12	Samoa	2	21	22	2011-05-09 22:55:26.363561	2011-05-09 22:55:26.363561
13	Solomon Islands	2	23	24	2011-05-09 22:55:26.374922	2011-05-09 22:55:26.374922
15	Tuvalu	2	27	28	2011-05-09 22:55:26.393348	2011-05-09 22:55:26.393348
17	Europe	1	32	127	2011-05-09 22:55:26.409999	2011-05-09 22:55:26.409999
18	Albania	17	33	34	2011-05-09 22:55:26.41835	2011-05-09 22:55:26.41835
19	Andorra	17	35	36	2011-05-09 22:55:26.426657	2011-05-09 22:55:26.426657
20	Armenia	17	37	38	2011-05-09 22:55:26.435307	2011-05-09 22:55:26.435307
21	Austria	17	39	40	2011-05-09 22:55:26.443702	2011-05-09 22:55:26.443702
22	Azerbaijan	17	41	42	2011-05-09 22:55:26.452769	2011-05-09 22:55:26.452769
23	Belarus	17	43	44	2011-05-09 22:55:26.461049	2011-05-09 22:55:26.461049
24	Belgium	17	45	46	2011-05-09 22:55:26.469936	2011-05-09 22:55:26.469936
25	Bosnia and Herzegovina	17	47	48	2011-05-09 22:55:26.478428	2011-05-09 22:55:26.478428
26	Bulgaria	17	49	50	2011-05-09 22:55:26.59395	2011-05-09 22:55:26.59395
27	Croatia	17	51	52	2011-05-09 22:55:26.603665	2011-05-09 22:55:26.603665
28	Cyprus	17	53	54	2011-05-09 22:55:26.615996	2011-05-09 22:55:26.615996
30	Denmark	17	57	58	2011-05-09 22:55:26.637495	2011-05-09 22:55:26.637495
29	Czech Republic	17	55	56	2011-05-09 22:55:26.627731	2011-05-09 22:55:26.627731
31	Estonia	17	59	60	2011-05-09 22:55:26.649753	2011-05-09 22:55:26.649753
32	Finland	17	61	62	2011-05-09 22:55:26.658911	2011-05-09 22:55:26.658911
33	France	17	63	64	2011-05-09 22:55:26.67192	2011-05-09 22:55:26.67192
34	Georgia	17	65	66	2011-05-09 22:55:26.684718	2011-05-09 22:55:26.684718
35	Germany	17	67	68	2011-05-09 22:55:26.694404	2011-05-09 22:55:26.694404
36	Greece	17	69	70	2011-05-09 22:55:26.705335	2011-05-09 22:55:26.705335
37	Hungary	17	71	72	2011-05-09 22:55:26.715195	2011-05-09 22:55:26.715195
38	Iceland	17	73	74	2011-05-09 22:55:26.72647	2011-05-09 22:55:26.72647
39	Ireland	17	75	76	2011-05-09 22:55:26.749884	2011-05-09 22:55:26.749884
40	Italy	17	77	78	2011-05-09 22:55:26.761168	2011-05-09 22:55:26.761168
41	Latvia	17	79	80	2011-05-09 22:55:26.772924	2011-05-09 22:55:26.772924
46	Malta	17	89	90	2011-05-09 22:55:26.82782	2011-05-09 22:55:26.82782
42	Liechtenstein	17	81	82	2011-05-09 22:55:26.781577	2011-05-09 22:55:26.781577
47	Moldova	17	91	92	2011-05-09 22:55:26.976833	2011-05-09 22:55:26.976833
114	Togo	65	225	226	2011-05-09 22:55:28.008928	2011-05-09 22:55:28.008928
124	Belize	119	245	246	2011-05-09 22:55:28.149314	2011-05-09 22:55:28.149314
43	Lithuania	17	83	84	2011-05-09 22:55:26.793768	2011-05-09 22:55:26.793768
44	Luxembourg	17	85	86	2011-05-09 22:55:26.80231	2011-05-09 22:55:26.80231
45	Macedonia	17	87	88	2011-05-09 22:55:26.814943	2011-05-09 22:55:26.814943
48	Monaco	17	93	94	2011-05-09 22:55:26.987288	2011-05-09 22:55:26.987288
49	Montenegro	17	95	96	2011-05-09 22:55:26.99727	2011-05-09 22:55:26.99727
50	Netherlands	17	97	98	2011-05-09 22:55:27.00814	2011-05-09 22:55:27.00814
51	Norway	17	99	100	2011-05-09 22:55:27.01854	2011-05-09 22:55:27.01854
52	Poland	17	101	102	2011-05-09 22:55:27.027427	2011-05-09 22:55:27.027427
54	Romania	17	105	106	2011-05-09 22:55:27.047147	2011-05-09 22:55:27.047147
53	Portugal	17	103	104	2011-05-09 22:55:27.037601	2011-05-09 22:55:27.037601
55	San Marino	17	107	108	2011-05-09 22:55:27.056795	2011-05-09 22:55:27.056795
56	Serbia	17	109	110	2011-05-09 22:55:27.066056	2011-05-09 22:55:27.066056
57	Slovakia	17	111	112	2011-05-09 22:55:27.076071	2011-05-09 22:55:27.076071
91	Lesotho	65	179	180	2011-05-09 22:55:27.627031	2011-05-09 22:55:27.627031
58	Slovenia	17	113	114	2011-05-09 22:55:27.085394	2011-05-09 22:55:27.085394
59	Spain	17	115	116	2011-05-09 22:55:27.095538	2011-05-09 22:55:27.095538
60	Sweden	17	117	118	2011-05-09 22:55:27.104885	2011-05-09 22:55:27.104885
61	Switzerland	17	119	120	2011-05-09 22:55:27.114764	2011-05-09 22:55:27.114764
62	Ukraine	17	121	122	2011-05-09 22:55:27.124186	2011-05-09 22:55:27.124186
64	Vatican City	17	125	126	2011-05-09 22:55:27.144054	2011-05-09 22:55:27.144054
65	Africa	1	128	235	2011-05-09 22:55:27.153358	2011-05-09 22:55:27.153358
67	Angola	65	131	132	2011-05-09 22:55:27.172097	2011-05-09 22:55:27.172097
68	Benin	65	133	134	2011-05-09 22:55:27.280078	2011-05-09 22:55:27.280078
69	Botswana	65	135	136	2011-05-09 22:55:27.290131	2011-05-09 22:55:27.290131
70	Burkina	65	137	138	2011-05-09 22:55:27.300734	2011-05-09 22:55:27.300734
71	Burundi	65	139	140	2011-05-09 22:55:27.31134	2011-05-09 22:55:27.31134
72	Cameroon	65	141	142	2011-05-09 22:55:27.321087	2011-05-09 22:55:27.321087
73	Cape Verde	65	143	144	2011-05-09 22:55:27.331358	2011-05-09 22:55:27.331358
74	Central African Republic	65	145	146	2011-05-09 22:55:27.341928	2011-05-09 22:55:27.341928
75	Chad	65	147	148	2011-05-09 22:55:27.351657	2011-05-09 22:55:27.351657
76	Comoros	65	149	150	2011-05-09 22:55:27.361438	2011-05-09 22:55:27.361438
77	Congo	65	151	152	2011-05-09 22:55:27.370828	2011-05-09 22:55:27.370828
78	Congo, the Democratic Republic of the	65	153	154	2011-05-09 22:55:27.380927	2011-05-09 22:55:27.380927
79	Djibouti	65	155	156	2011-05-09 22:55:27.392783	2011-05-09 22:55:27.392783
80	Egypt	65	157	158	2011-05-09 22:55:27.402853	2011-05-09 22:55:27.402853
82	Eritrea	65	161	162	2011-05-09 22:55:27.425361	2011-05-09 22:55:27.425361
81	Equatorial Guinea	65	159	160	2011-05-09 22:55:27.413896	2011-05-09 22:55:27.413896
83	Ethiopia	65	163	164	2011-05-09 22:55:27.435702	2011-05-09 22:55:27.435702
84	Gabon	65	165	166	2011-05-09 22:55:27.447317	2011-05-09 22:55:27.447317
85	Gambia	65	167	168	2011-05-09 22:55:27.458533	2011-05-09 22:55:27.458533
86	Ghana	65	169	170	2011-05-09 22:55:27.469875	2011-05-09 22:55:27.469875
87	Guinea	65	171	172	2011-05-09 22:55:27.48071	2011-05-09 22:55:27.48071
88	Guinea-Bissau	65	173	174	2011-05-09 22:55:27.491503	2011-05-09 22:55:27.491503
89	Ivory Coast	65	175	176	2011-05-09 22:55:27.600145	2011-05-09 22:55:27.600145
90	Kenya	65	177	178	2011-05-09 22:55:27.615567	2011-05-09 22:55:27.615567
92	Liberia	65	181	182	2011-05-09 22:55:27.638473	2011-05-09 22:55:27.638473
93	Libya	65	183	184	2011-05-09 22:55:27.650606	2011-05-09 22:55:27.650606
94	Madagascar	65	185	186	2011-05-09 22:55:27.661961	2011-05-09 22:55:27.661961
95	Malawi	65	187	188	2011-05-09 22:55:27.674318	2011-05-09 22:55:27.674318
96	Mali	65	189	190	2011-05-09 22:55:27.686321	2011-05-09 22:55:27.686321
97	Mauritania	65	191	192	2011-05-09 22:55:27.698154	2011-05-09 22:55:27.698154
98	Mauritius	65	193	194	2011-05-09 22:55:27.710145	2011-05-09 22:55:27.710145
99	Morocco	65	195	196	2011-05-09 22:55:27.722549	2011-05-09 22:55:27.722549
100	Mozambique	65	197	198	2011-05-09 22:55:27.73439	2011-05-09 22:55:27.73439
101	Namibia	65	199	200	2011-05-09 22:55:27.746387	2011-05-09 22:55:27.746387
102	Niger	65	201	202	2011-05-09 22:55:27.758843	2011-05-09 22:55:27.758843
103	Nigeria	65	203	204	2011-05-09 22:55:27.77131	2011-05-09 22:55:27.77131
104	Rwanda	65	205	206	2011-05-09 22:55:27.783451	2011-05-09 22:55:27.783451
105	Sao Tome and Principe	65	207	208	2011-05-09 22:55:27.796138	2011-05-09 22:55:27.796138
106	Senegal	65	209	210	2011-05-09 22:55:27.808151	2011-05-09 22:55:27.808151
107	Seychelles	65	211	212	2011-05-09 22:55:27.821085	2011-05-09 22:55:27.821085
108	Sierra Leone	65	213	214	2011-05-09 22:55:27.833118	2011-05-09 22:55:27.833118
109	Somalia	65	215	216	2011-05-09 22:55:27.845888	2011-05-09 22:55:27.845888
110	South Africa	65	217	218	2011-05-09 22:55:27.955238	2011-05-09 22:55:27.955238
111	Sudan	65	219	220	2011-05-09 22:55:27.967354	2011-05-09 22:55:27.967354
112	Swaziland	65	221	222	2011-05-09 22:55:27.981289	2011-05-09 22:55:27.981289
113	Tanzania	65	223	224	2011-05-09 22:55:27.994308	2011-05-09 22:55:27.994308
115	Tunisia	65	227	228	2011-05-09 22:55:28.022578	2011-05-09 22:55:28.022578
116	Uganda	65	229	230	2011-05-09 22:55:28.036284	2011-05-09 22:55:28.036284
117	Zambia	65	231	232	2011-05-09 22:55:28.050513	2011-05-09 22:55:28.050513
118	Zimbabwe	65	233	234	2011-05-09 22:55:28.064725	2011-05-09 22:55:28.064725
119	South America	1	236	301	2011-05-09 22:55:28.079009	2011-05-09 22:55:28.079009
120	Antigua and Barbuda	119	237	238	2011-05-09 22:55:28.09305	2011-05-09 22:55:28.09305
121	Argentina	119	239	240	2011-05-09 22:55:28.107003	2011-05-09 22:55:28.107003
122	Bahamas	119	241	242	2011-05-09 22:55:28.121172	2011-05-09 22:55:28.121172
123	Barbados	119	243	244	2011-05-09 22:55:28.135276	2011-05-09 22:55:28.135276
125	Bolivia	119	247	248	2011-05-09 22:55:28.162702	2011-05-09 22:55:28.162702
126	Brazil	119	249	250	2011-05-09 22:55:28.177181	2011-05-09 22:55:28.177181
127	Chile	119	251	252	2011-05-09 22:55:28.192162	2011-05-09 22:55:28.192162
128	Colombia	119	253	254	2011-05-09 22:55:28.206386	2011-05-09 22:55:28.206386
129	Costa Rica	119	255	256	2011-05-09 22:55:28.221338	2011-05-09 22:55:28.221338
130	Cuba	119	257	258	2011-05-09 22:55:28.333588	2011-05-09 22:55:28.333588
131	Dominica	119	259	260	2011-05-09 22:55:28.349219	2011-05-09 22:55:28.349219
132	Dominican Republic	119	261	262	2011-05-09 22:55:28.36328	2011-05-09 22:55:28.36328
133	Ecuador	119	263	264	2011-05-09 22:55:28.378054	2011-05-09 22:55:28.378054
134	El Salvador	119	265	266	2011-05-09 22:55:28.393228	2011-05-09 22:55:28.393228
135	Grenada	119	267	268	2011-05-09 22:55:28.408347	2011-05-09 22:55:28.408347
136	Guatemala	119	269	270	2011-05-09 22:55:28.42386	2011-05-09 22:55:28.42386
137	Guyana	119	271	272	2011-05-09 22:55:28.439613	2011-05-09 22:55:28.439613
138	Haiti	119	273	274	2011-05-09 22:55:28.455916	2011-05-09 22:55:28.455916
139	Honduras	119	275	276	2011-05-09 22:55:28.471554	2011-05-09 22:55:28.471554
140	Jamaica	119	277	278	2011-05-09 22:55:28.487591	2011-05-09 22:55:28.487591
141	Nicaragua	119	279	280	2011-05-09 22:55:28.503251	2011-05-09 22:55:28.503251
142	Panama	119	281	282	2011-05-09 22:55:28.519027	2011-05-09 22:55:28.519027
143	Paraguay	119	283	284	2011-05-09 22:55:28.535372	2011-05-09 22:55:28.535372
144	Peru	119	285	286	2011-05-09 22:55:28.551758	2011-05-09 22:55:28.551758
145	Saint Kitts & Nevis	119	287	288	2011-05-09 22:55:28.567868	2011-05-09 22:55:28.567868
146	Saint Lucia	119	289	290	2011-05-09 22:55:28.583985	2011-05-09 22:55:28.583985
147	Saint Vincent & the Grenadines	119	291	292	2011-05-09 22:55:28.600624	2011-05-09 22:55:28.600624
148	Suriname	119	293	294	2011-05-09 22:55:28.618416	2011-05-09 22:55:28.618416
149	Trinidad & Tobago	119	295	296	2011-05-09 22:55:28.635474	2011-05-09 22:55:28.635474
150	Uruguay	119	297	298	2011-05-09 22:55:28.652379	2011-05-09 22:55:28.652379
151	Venezuela	119	299	300	2011-05-09 22:55:28.767063	2011-05-09 22:55:28.767063
152	North America	1	302	309	2011-05-09 22:55:28.78283	2011-05-09 22:55:28.78283
153	Canada	152	303	304	2011-05-09 22:55:28.798498	2011-05-09 22:55:28.798498
154	Mexico	152	305	306	2011-05-09 22:55:28.816022	2011-05-09 22:55:28.816022
155	United States	152	307	308	2011-05-09 22:55:28.833385	2011-05-09 22:55:28.833385
156	Asia	1	310	399	2011-05-09 22:55:28.850969	2011-05-09 22:55:28.850969
157	Afghanistan	156	311	312	2011-05-09 22:55:28.86862	2011-05-09 22:55:28.86862
158	Bahrain	156	313	314	2011-05-09 22:55:28.886502	2011-05-09 22:55:28.886502
159	Bangladesh	156	315	316	2011-05-09 22:55:28.904264	2011-05-09 22:55:28.904264
160	Bhutan	156	317	318	2011-05-09 22:55:28.922358	2011-05-09 22:55:28.922358
161	Brunei	156	319	320	2011-05-09 22:55:28.939741	2011-05-09 22:55:28.939741
162	Burma (Myanmar)	156	321	322	2011-05-09 22:55:28.957476	2011-05-09 22:55:28.957476
163	Cambodia	156	323	324	2011-05-09 22:55:28.973771	2011-05-09 22:55:28.973771
164	China	156	325	326	2011-05-09 22:55:28.991423	2011-05-09 22:55:28.991423
165	East Timor	156	327	328	2011-05-09 22:55:29.010087	2011-05-09 22:55:29.010087
166	India	156	329	330	2011-05-09 22:55:29.028733	2011-05-09 22:55:29.028733
167	Indonesia	156	331	332	2011-05-09 22:55:29.047357	2011-05-09 22:55:29.047357
168	Iran	156	333	334	2011-05-09 22:55:29.065996	2011-05-09 22:55:29.065996
169	Iraq	156	335	336	2011-05-09 22:55:29.084588	2011-05-09 22:55:29.084588
170	Israel	156	337	338	2011-05-09 22:55:29.103355	2011-05-09 22:55:29.103355
171	Japan	156	339	340	2011-05-09 22:55:29.12243	2011-05-09 22:55:29.12243
172	Jordan	156	341	342	2011-05-09 22:55:29.23838	2011-05-09 22:55:29.23838
173	Kazakhstan	156	343	344	2011-05-09 22:55:29.25602	2011-05-09 22:55:29.25602
174	Korea, Democratic People's Republic of	156	345	346	2011-05-09 22:55:29.275879	2011-05-09 22:55:29.275879
175	Korea, Republic of	156	347	348	2011-05-09 22:55:29.295364	2011-05-09 22:55:29.295364
176	Kuwait	156	349	350	2011-05-09 22:55:29.315035	2011-05-09 22:55:29.315035
177	Kyrgyzstan	156	351	352	2011-05-09 22:55:29.335429	2011-05-09 22:55:29.335429
178	Laos	156	353	354	2011-05-09 22:55:29.355193	2011-05-09 22:55:29.355193
179	Lebanon	156	355	356	2011-05-09 22:55:29.375101	2011-05-09 22:55:29.375101
180	Malaysia	156	357	358	2011-05-09 22:55:29.394842	2011-05-09 22:55:29.394842
181	Maldives	156	359	360	2011-05-09 22:55:29.415849	2011-05-09 22:55:29.415849
182	Mongolia	156	361	362	2011-05-09 22:55:29.436423	2011-05-09 22:55:29.436423
183	Nepal	156	363	364	2011-05-09 22:55:29.456869	2011-05-09 22:55:29.456869
184	Oman	156	365	366	2011-05-09 22:55:29.477867	2011-05-09 22:55:29.477867
185	Pakistan	156	367	368	2011-05-09 22:55:29.498247	2011-05-09 22:55:29.498247
186	Philippines	156	369	370	2011-05-09 22:55:29.519348	2011-05-09 22:55:29.519348
187	Qatar	156	371	372	2011-05-09 22:55:29.539919	2011-05-09 22:55:29.539919
188	Russian Federation	156	373	374	2011-05-09 22:55:29.560688	2011-05-09 22:55:29.560688
189	Saudi Arabia	156	375	376	2011-05-09 22:55:29.579702	2011-05-09 22:55:29.579702
190	Singapore	156	377	378	2011-05-09 22:55:29.600988	2011-05-09 22:55:29.600988
191	Sri Lanka	156	379	380	2011-05-09 22:55:29.622977	2011-05-09 22:55:29.622977
192	Syria	156	381	382	2011-05-09 22:55:29.644593	2011-05-09 22:55:29.644593
193	Tajikistan	156	383	384	2011-05-09 22:55:29.763784	2011-05-09 22:55:29.763784
194	Thailand	156	385	386	2011-05-09 22:55:29.783704	2011-05-09 22:55:29.783704
195	Turkey	156	387	388	2011-05-09 22:55:29.805852	2011-05-09 22:55:29.805852
196	Turkmenistan	156	389	390	2011-05-09 22:55:29.829094	2011-05-09 22:55:29.829094
197	United Arab Emirates	156	391	392	2011-05-09 22:55:29.851363	2011-05-09 22:55:29.851363
198	Uzbekistan	156	393	394	2011-05-09 22:55:29.873828	2011-05-09 22:55:29.873828
199	Vietnam	156	395	396	2011-05-09 22:55:29.896872	2011-05-09 22:55:29.896872
200	Yemen	156	397	398	2011-05-09 22:55:29.919486	2011-05-09 22:55:29.919486
\.


--
-- Data for Name: notes; Type: TABLE DATA; Schema: public; Owner: hong
--

COPY notes (id, user_id, data_record_id, text, created_at, updated_at) FROM stdin;
\.


--
-- Data for Name: open_id_authentication_associations; Type: TABLE DATA; Schema: public; Owner: hong
--

COPY open_id_authentication_associations (id, issued, lifetime, handle, assoc_type, server_url, secret) FROM stdin;
\.


--
-- Data for Name: open_id_authentication_nonces; Type: TABLE DATA; Schema: public; Owner: hong
--

COPY open_id_authentication_nonces (id, "timestamp", server_url, salt) FROM stdin;
\.


--
-- Data for Name: organizations; Type: TABLE DATA; Schema: public; Owner: hong
--

COPY organizations (id, name, acronym, org_type, description, slug, url, homepage_url, parent_id, lft, rgt, created_at, updated_at, location_id) FROM stdin;
1	Association of Ghana Industries	\N	\N	\N	association-of-ghana-industries	\N	\N	\N	1	2	2011-05-09 22:56:03.75519	2011-05-09 22:56:03.75519	\N
2	University of Ghana	\N	\N	\N	university-of-ghana	\N	\N	\N	3	4	2011-05-09 22:56:03.824169	2011-05-09 22:56:03.824169	\N
3	Harvard University	\N	\N	\N	harvard-university	\N	\N	\N	5	6	2011-05-09 22:56:03.936761	2011-05-09 22:56:03.936761	\N
4	Ghana Statistical Service	\N	\N	\N	ghana-statistical-service	\N	\N	\N	7	8	2011-05-09 22:56:03.991968	2011-05-09 22:56:03.991968	\N
5	Ghana Health Service	\N	\N	\N	ghana-health-service	\N	\N	\N	9	10	2011-05-09 22:56:04.002171	2011-05-09 22:56:04.002171	\N
6	Macro International Inc.	\N	\N	\N	macro-international-inc	\N	\N	\N	11	12	2011-05-09 22:56:04.086945	2011-05-09 22:56:04.086945	\N
7	Macro International	\N	\N	\N	macro-international	\N	\N	\N	13	14	2011-05-09 22:56:04.29975	2011-05-09 22:56:04.29975	\N
8	Noguchi Memorial Institute for Medical Research	\N	\N	\N	noguchi-memorial-institute-for-medical-research	\N	\N	\N	15	16	2011-05-09 22:56:04.309492	2011-05-09 22:56:04.309492	\N
9	IFC Macro	\N	\N	\N	ifc-macro	\N	\N	\N	17	18	2011-05-09 22:56:04.391894	2011-05-09 22:56:04.391894	\N
10	Ghana Ministry of Finance and Economic Planning	\N	\N	\N	ghana-ministry-of-finance-and-economic-planning	\N	\N	\N	19	20	2011-05-09 22:56:04.547778	2011-05-09 22:56:04.547778	\N
11	University of Cape Coast	\N	\N	\N	university-of-cape-coast	\N	\N	\N	21	22	2011-05-09 22:56:05.279841	2011-05-09 22:56:05.279841	\N
12	Guttmacher Institute	\N	\N	\N	guttmacher-institute	\N	\N	\N	23	24	2011-05-09 22:56:05.291456	2011-05-09 22:56:05.291456	\N
13	Ghana National Development Planning Commission	\N	\N	\N	ghana-national-development-planning-commission	\N	\N	\N	25	26	2011-05-09 22:56:05.332704	2011-05-09 22:56:05.332704	\N
14	UNDP	\N	\N	\N	undp	\N	\N	\N	27	28	2011-05-09 22:56:05.491851	2011-05-09 22:56:05.491851	\N
15	SEND Ghana	\N	\N	\N	send-ghana	\N	\N	\N	29	30	2011-05-09 22:56:05.616932	2011-05-09 22:56:05.616932	\N
16	World Bank	\N	\N	\N	world-bank	\N	\N	\N	31	32	2011-05-09 22:56:05.81084	2011-05-09 22:56:05.81084	\N
17	Curriculum Research and Development Division, Ghana Education Service	\N	\N	\N	curriculum-research-and-development-division-ghana-education-service	\N	\N	\N	33	34	2011-05-09 22:56:05.855695	2011-05-09 22:56:05.855695	\N
18	Ghana Education Service	\N	\N	\N	ghana-education-service	\N	\N	\N	35	36	2011-05-09 22:56:05.866737	2011-05-09 22:56:05.866737	\N
19	UNICEF Ghana	\N	\N	\N	unicef-ghana	\N	\N	\N	37	38	2011-05-09 22:56:05.875929	2011-05-09 22:56:05.875929	\N
20	UNICEF	\N	\N	\N	unicef	\N	\N	\N	39	40	2011-05-09 22:56:05.924909	2011-05-09 22:56:05.924909	\N
21	UNDOC	\N	\N	\N	undoc	\N	\N	\N	41	42	2011-05-09 22:56:06.084115	2011-05-09 22:56:06.084115	\N
22	Namibia Ministry of Health and Social Services	\N	\N	\N	namibia-ministry-of-health-and-social-services	\N	\N	\N	43	44	2011-05-09 22:56:06.277331	2011-05-09 22:56:06.277331	\N
23	WHO	\N	\N	\N	who	\N	\N	\N	45	46	2011-05-09 22:56:06.285736	2011-05-09 22:56:06.285736	\N
24	EQUINET	\N	\N	\N	equinet	\N	\N	\N	47	48	2011-05-09 22:56:06.473452	2011-05-09 22:56:06.473452	\N
25	Namibia Ministry of Finance	\N	\N	\N	namibia-ministry-of-finance	\N	\N	\N	49	50	2011-05-09 22:56:07.391968	2011-05-09 22:56:07.391968	\N
26	Namibia Central Bureau of Statisctics	\N	\N	\N	namibia-central-bureau-of-statisctics	\N	\N	\N	51	52	2011-05-09 22:56:08.738983	2011-05-09 22:56:08.738983	\N
27	Namibia National Planning Commission	\N	\N	\N	namibia-national-planning-commission	\N	\N	\N	53	54	2011-05-09 22:56:08.74752	2011-05-09 22:56:08.74752	\N
28	Namibia Central Bureau of Statistics	\N	\N	\N	namibia-central-bureau-of-statistics	\N	\N	\N	55	56	2011-05-09 22:56:10.625521	2011-05-09 22:56:10.625521	\N
29	USAID Health Systems 20/20	\N	\N	\N	usaid-health-systems-20-20	\N	\N	\N	57	58	2011-05-09 22:56:11.904249	2011-05-09 22:56:11.904249	\N
30	Senegal Agence National de la Statistique et de la Dmographie	\N	\N	\N	senegal-agence-national-de-la-statistique-et-de-la-demographie	\N	\N	\N	59	60	2011-05-09 22:56:12.099999	2011-05-09 22:56:12.099999	\N
31	ANSD	\N	\N	\N	ansd	\N	\N	\N	61	62	2011-05-09 22:56:12.186148	2011-05-09 22:56:12.186148	\N
32	AUTORIT DE RGULATION DES MARCHS PUBLICS (ARMP)	\N	\N	\N	autorite-de-regulation-des-marches-publics-armp	\N	\N	\N	63	64	2011-05-09 22:56:12.440303	2011-05-09 22:56:12.440303	\N
33	Senegal Regulatory Agency for Posts and Telecommunication	\N	\N	\N	senegal-regulatory-agency-for-posts-and-telecommunication	\N	\N	\N	65	66	2011-05-09 22:56:12.481411	2011-05-09 22:56:12.481411	\N
34	Agence National de la Statistique	\N	\N	\N	agence-national-de-la-statistique	\N	\N	\N	67	68	2011-05-09 22:56:12.491671	2011-05-09 22:56:12.491671	\N
35	Cours des Comptes Senegal	\N	\N	\N	cours-des-comptes-senegal	\N	\N	\N	69	70	2011-05-09 22:56:12.673889	2011-05-09 22:56:12.673889	\N
36	Centre for Research and Human Development  Dakar, Sngal and Macro International Inc. Calverton, Maryland, USA	\N	\N	\N	centre-for-research-and-human-development-dakar-senegal-and-macro-international-inc-calverton-maryland-usa	\N	\N	\N	71	72	2011-05-09 22:56:12.772067	2011-05-09 22:56:12.772067	\N
37	Measure DHS	\N	\N	\N	measure-dhs	\N	\N	\N	73	74	2011-05-09 22:56:12.781407	2011-05-09 22:56:12.781407	\N
38	Senegal Ministry of Health and Prevention	\N	\N	\N	senegal-ministry-of-health-and-prevention	\N	\N	\N	75	76	2011-05-09 22:56:12.790001	2011-05-09 22:56:12.790001	\N
39	Senegal Ministry of Economics and Finance	\N	\N	\N	senegal-ministry-of-economics-and-finance	\N	\N	\N	77	78	2011-05-09 22:56:13.055167	2011-05-09 22:56:13.055167	\N
40	The Institution Provident Retreat Senegal	\N	\N	\N	the-institution-provident-retreat-senegal	\N	\N	\N	79	80	2011-05-09 22:56:13.319349	2011-05-09 22:56:13.319349	\N
41	Senegal National Council of Fight Against AIDS	\N	\N	\N	senegal-national-council-of-fight-against-aids	\N	\N	\N	81	82	2011-05-09 22:56:13.363504	2011-05-09 22:56:13.363504	\N
42	National Alliance Against AIDS in Senegal	\N	\N	\N	national-alliance-against-aids-in-senegal	\N	\N	\N	83	84	2011-05-09 22:56:13.410358	2011-05-09 22:56:13.410358	\N
43	Society for Women and AIDS in Africa Senegal	\N	\N	\N	society-for-women-and-aids-in-africa-senegal	\N	\N	\N	85	86	2011-05-09 22:56:13.421098	2011-05-09 22:56:13.421098	\N
44	ABOYA	\N	\N	\N	aboya	\N	\N	\N	87	88	2011-05-09 22:56:13.534825	2011-05-09 22:56:13.534825	\N
45	CNLS	\N	\N	\N	cnls	\N	\N	\N	89	90	2011-05-09 22:56:13.54343	2011-05-09 22:56:13.54343	\N
46	Family Health international Senegal	\N	\N	\N	family-health-international-senegal	\N	\N	\N	91	92	2011-05-09 22:56:13.586276	2011-05-09 22:56:13.586276	\N
\.


--
-- Data for Name: people; Type: TABLE DATA; Schema: public; Owner: hong
--

COPY people (id, name, phone, email, type, created_at, updated_at, affiliation_id, data_record_id) FROM stdin;
1	Association of Ghana Industries	\N	agi@agighana.org	Contact	2011-05-09 22:56:03.711333	2011-05-09 22:56:03.711333	\N	\N
2	Rosemary Duda	\N	rduda@caregroup.harvard.edu	Contact	2011-05-09 22:56:03.80949	2011-05-09 22:56:03.80949	\N	\N
3	John Kwasi Anarfi	\N	\N	Author	2011-05-09 22:56:03.826054	2011-05-09 22:56:03.826054	2	2
4	Ghana Statistical Service	23321682623	\N	Contact	2011-05-09 22:56:03.976615	2011-05-09 22:56:03.976615	\N	\N
5	Ghana Statistical Service	23321682623	\N	Contact	2011-05-09 22:56:04.024671	2011-05-09 22:56:04.024671	\N	\N
6	Ghana Statistical Service	23321682623	\N	Contact	2011-05-09 22:56:04.066863	2011-05-09 22:56:04.066863	\N	\N
7	Ghana Statistical Service	23321682623	\N	Contact	2011-05-09 22:56:04.127891	2011-05-09 22:56:04.127891	\N	\N
8	Ghana Statistical Service	23321682623	\N	Contact	2011-05-09 22:56:04.280253	2011-05-09 22:56:04.280253	\N	\N
9	Ghana Statistical Service	23321682623	\N	Contact	2011-05-09 22:56:04.335053	2011-05-09 22:56:04.335053	\N	\N
10	Ghana Statistical Service	23321682623	\N	Contact	2011-05-09 22:56:04.372399	2011-05-09 22:56:04.372399	\N	\N
11	Ghana Ministry of Finance and Economic Planning	\N	promofep@mofep.gov.gh	Contact	2011-05-09 22:56:04.421831	2011-05-09 22:56:04.421831	\N	\N
12	Ghana Ministry of Finance and Economic Planning	\N	promofep@mofep.gov.gh	Contact	2011-05-09 22:56:04.576181	2011-05-09 22:56:04.576181	\N	\N
13	Ghana Ministry of Finance and Economic Planning	\N	promofep@mofep.gov.gh	Contact	2011-05-09 22:56:04.622753	2011-05-09 22:56:04.622753	\N	\N
14	Ghana Ministry of Finance and Economic Planning	\N	promofep@mofep.gov.gh	Contact	2011-05-09 22:56:04.665536	2011-05-09 22:56:04.665536	\N	\N
15	Ghana Ministry of Finance and Economic Planning	\N	promofep@mofep.gov.gh	Contact	2011-05-09 22:56:04.72213	2011-05-09 22:56:04.72213	\N	\N
16	Ghana Ministry of Finance and Economic Planning	\N	promofep@mofep.gov.gh	Contact	2011-05-09 22:56:04.8706	2011-05-09 22:56:04.8706	\N	\N
17	Ghana Ministry of Finance and Economic Planning	\N	promofep@mofep.gov.gh	Contact	2011-05-09 22:56:04.912575	2011-05-09 22:56:04.912575	\N	\N
18	Ghana Ministry of Finance and Economic Planning	\N	promofep@mofep.gov.gh	Contact	2011-05-09 22:56:04.95378	2011-05-09 22:56:04.95378	\N	\N
19	Ghana Ministry of Finance and Economic Planning	\N	promofep@mofep.gov.gh	Contact	2011-05-09 22:56:04.997	2011-05-09 22:56:04.997	\N	\N
20	Ghana Ministry of Finance and Economic Planning	\N	promofep@mofep.gov.gh	Contact	2011-05-09 22:56:05.038739	2011-05-09 22:56:05.038739	\N	\N
21	Ghana Ministry of Finance and Economic Planning	\N	promofep@mofep.gov.gh	Contact	2011-05-09 22:56:05.186762	2011-05-09 22:56:05.186762	\N	\N
22	Ghana Ministry of Finance and Economic Planning	\N	promofep@mofep.gov.gh	Contact	2011-05-09 22:56:05.226796	2011-05-09 22:56:05.226796	\N	\N
23	Kofi Awusabo-Asare	\N	awusabo_asare@yahoo.co.uk	Contact	2011-05-09 22:56:05.265639	2011-05-09 22:56:05.265639	\N	\N
24	Akwasi Kumi-Kyereme	\N	\N	Author	2011-05-09 22:56:05.281529	2011-05-09 22:56:05.281529	11	22
25	Ghana National Development Planning Commission	\N	info@ndpc.gov.gh	Contact	2011-05-09 22:56:05.317967	2011-05-09 22:56:05.317967	\N	\N
26	Ghana National Development Planning Commission	\N	info@ndpc.gov.gh	Contact	2011-05-09 22:56:05.472015	2011-05-09 22:56:05.472015	\N	\N
27	Ghana National Development Planning Commission	\N	info@ndpc.gov.gh	Contact	2011-05-09 22:56:05.519174	2011-05-09 22:56:05.519174	\N	\N
28	Ghana National Development Planning Commission	\N	info@ndpc.gov.gh	Contact	2011-05-09 22:56:05.560281	2011-05-09 22:56:05.560281	\N	\N
29	SEND Ghana	\N	send@africaonline.com.gh	Contact	2011-05-09 22:56:05.600423	2011-05-09 22:56:05.600423	\N	\N
30	SEND Ghana	\N	send@africaonline.com.gh	Contact	2011-05-09 22:56:05.64402	2011-05-09 22:56:05.64402	\N	\N
31	Ghana Statistical Service	23321682623	\N	Contact	2011-05-09 22:56:05.791711	2011-05-09 22:56:05.791711	\N	\N
32	Ghana Education Service	233302662772	\N	Contact	2011-05-09 22:56:05.842205	2011-05-09 22:56:05.842205	\N	\N
33	Kathleen Finchham	\N	\N	Author	2011-05-09 22:56:05.857378	2011-05-09 22:56:05.857378	17	30
34	UNICEF	233208181454	\N	Contact	2011-05-09 22:56:05.910918	2011-05-09 22:56:05.910918	\N	\N
35	Ghana Statistical Service	23321682623	\N	Contact	2011-05-09 22:56:06.064704	2011-05-09 22:56:06.064704	\N	\N
36	Namibia Ministry of Health and Social Services	+264612039111	\N	Contact	2011-05-09 22:56:06.261478	2011-05-09 22:56:06.261478	\N	\N
37	Namibia Ministry of Health and Social Services	+264612039111	\N	Contact	2011-05-09 22:56:06.415746	2011-05-09 22:56:06.415746	\N	\N
38	Namibia Ministry of Health and Social Services	+264612039111	\N	Contact	2011-05-09 22:56:06.449679	2011-05-09 22:56:06.449679	\N	\N
39	Namibia Ministry of Health and Social Services	+264612039111	\N	Contact	2011-05-09 22:56:06.498848	2011-05-09 22:56:06.498848	\N	\N
40	Namibia Ministry of Health and Social Services	+264612039111	\N	Contact	2011-05-09 22:56:06.534711	2011-05-09 22:56:06.534711	\N	\N
41	Namibia Ministry of Health and Social Services	+264612039111	\N	Contact	2011-05-09 22:56:06.570549	2011-05-09 22:56:06.570549	\N	\N
42	Namibia Ministry of Health and Social Services	+264612039111	\N	Contact	2011-05-09 22:56:06.723453	2011-05-09 22:56:06.723453	\N	\N
43	Namibia Ministry of Health and Social Services	+264612039111	\N	Contact	2011-05-09 22:56:06.758109	2011-05-09 22:56:06.758109	\N	\N
44	Namibia Ministry of Health and Social Services	+264612039111	\N	Contact	2011-05-09 22:56:06.79656	2011-05-09 22:56:06.79656	\N	\N
45	Namibia Ministry of Health and Social Services	+264612039111	\N	Contact	2011-05-09 22:56:06.833288	2011-05-09 22:56:06.833288	\N	\N
46	Namibia Ministry of Health and Social Services	+264612039111	\N	Contact	2011-05-09 22:56:06.875463	2011-05-09 22:56:06.875463	\N	\N
47	Namibia Ministry of Health and Social Services	+264612039111	\N	Contact	2011-05-09 22:56:06.911045	2011-05-09 22:56:06.911045	\N	\N
48	Namibia Ministry of Health and Social Services	+264612039111	\N	Contact	2011-05-09 22:56:07.053253	2011-05-09 22:56:07.053253	\N	\N
49	Namibia Ministry of Health and Social Services	+264612039111	\N	Contact	2011-05-09 22:56:07.091528	2011-05-09 22:56:07.091528	\N	\N
50	Namibia Ministry of Health and Social Services	+264612039111	\N	Contact	2011-05-09 22:56:07.127326	2011-05-09 22:56:07.127326	\N	\N
51	Namibia Ministry of Health and Social Services	+264612039112	\N	Contact	2011-05-09 22:56:07.160454	2011-05-09 22:56:07.160454	\N	\N
52	Namibia Ministry of Health and Social Services	+264612039111	\N	Contact	2011-05-09 22:56:07.195213	2011-05-09 22:56:07.195213	\N	\N
53	Namibia Ministry of Health and Social Services	+264612039111	\N	Contact	2011-05-09 22:56:07.229843	2011-05-09 22:56:07.229843	\N	\N
54	Namibia Ministry of Finance	+264612099111	\N	Contact	2011-05-09 22:56:07.373426	2011-05-09 22:56:07.373426	\N	\N
55	Namibia Ministry of Finance	+264612099111	\N	Contact	2011-05-09 22:56:07.417107	2011-05-09 22:56:07.417107	\N	\N
56	Namibia Ministry of Finance	+264612099111	\N	Contact	2011-05-09 22:56:07.450135	2011-05-09 22:56:07.450135	\N	\N
57	Namibia Ministry of Finance	+264612099111	\N	Contact	2011-05-09 22:56:07.483658	2011-05-09 22:56:07.483658	\N	\N
58	Namibia Ministry of Finance	+264612099111	\N	Contact	2011-05-09 22:56:07.51635	2011-05-09 22:56:07.51635	\N	\N
59	Namibia Ministry of Finance	+264612099111	\N	Contact	2011-05-09 22:56:07.550833	2011-05-09 22:56:07.550833	\N	\N
60	Namibia Ministry of Finance	+264612099111	\N	Contact	2011-05-09 22:56:07.705121	2011-05-09 22:56:07.705121	\N	\N
61	Namibia Ministry of Finance	+264612099111	\N	Contact	2011-05-09 22:56:07.739891	2011-05-09 22:56:07.739891	\N	\N
62	Namibia Ministry of Finance	+264612099111	\N	Contact	2011-05-09 22:56:07.774523	2011-05-09 22:56:07.774523	\N	\N
63	Namibia Ministry of Finance	+264612099111	\N	Contact	2011-05-09 22:56:07.810106	2011-05-09 22:56:07.810106	\N	\N
64	Namibia Ministry of Finance	+264612099111	\N	Contact	2011-05-09 22:56:07.843343	2011-05-09 22:56:07.843343	\N	\N
65	Namibia Ministry of Finance	+264612099111	\N	Contact	2011-05-09 22:56:07.899255	2011-05-09 22:56:07.899255	\N	\N
66	Namibia Ministry of Finance	+264612099111	\N	Contact	2011-05-09 22:56:08.04099	2011-05-09 22:56:08.04099	\N	\N
67	Namibia Ministry of Finance	+264612099111	\N	Contact	2011-05-09 22:56:08.075368	2011-05-09 22:56:08.075368	\N	\N
68	Namibia Ministry of Finance	+264612099111	\N	Contact	2011-05-09 22:56:08.108669	2011-05-09 22:56:08.108669	\N	\N
69	Namibia Ministry of Finance	+264612099111	\N	Contact	2011-05-09 22:56:08.142381	2011-05-09 22:56:08.142381	\N	\N
70	Namibia Ministry of Finance	+264612099111	\N	Contact	2011-05-09 22:56:08.178103	2011-05-09 22:56:08.178103	\N	\N
71	Namibia Ministry of Finance	+264612099111	\N	Contact	2011-05-09 22:56:08.210171	2011-05-09 22:56:08.210171	\N	\N
72	Namibia Ministry of Finance	+264612099111	\N	Contact	2011-05-09 22:56:08.348297	2011-05-09 22:56:08.348297	\N	\N
73	Namibia Ministry of Finance	+264612099111	\N	Contact	2011-05-09 22:56:08.381832	2011-05-09 22:56:08.381832	\N	\N
74	Namibia Ministry of Finance	+264612099111	\N	Contact	2011-05-09 22:56:08.416354	2011-05-09 22:56:08.416354	\N	\N
75	Namibia Ministry of Finance	+264612099111	\N	Contact	2011-05-09 22:56:08.447767	2011-05-09 22:56:08.447767	\N	\N
76	Namibia Ministry of Finance	+264612099111	\N	Contact	2011-05-09 22:56:08.479988	2011-05-09 22:56:08.479988	\N	\N
77	Namibia Ministry of Finance	+264612099111	\N	Contact	2011-05-09 22:56:08.513225	2011-05-09 22:56:08.513225	\N	\N
78	Namibia Ministry of Finance	+264612099111	\N	Contact	2011-05-09 22:56:08.65411	2011-05-09 22:56:08.65411	\N	\N
79	Namibia Ministry of Finance	+264612099111	\N	Contact	2011-05-09 22:56:08.689539	2011-05-09 22:56:08.689539	\N	\N
80	National Planning Commission	+264612834111	info@npc.gov.na	Contact	2011-05-09 22:56:08.724242	2011-05-09 22:56:08.724242	\N	\N
81	National Planning Commission	+264612834111	info@npc.gov.na	Contact	2011-05-09 22:56:08.768662	2011-05-09 22:56:08.768662	\N	\N
82	National Planning Commission	+264612834111	info@npc.gov.na	Contact	2011-05-09 22:56:08.806635	2011-05-09 22:56:08.806635	\N	\N
83	National Planning Commission	+264612834111	info@npc.gov.na	Contact	2011-05-09 22:56:08.949317	2011-05-09 22:56:08.949317	\N	\N
84	National Planning Commission	+264612834111	info@npc.gov.na	Contact	2011-05-09 22:56:08.987707	2011-05-09 22:56:08.987707	\N	\N
85	National Planning Commission	+264612834111	info@npc.gov.na	Contact	2011-05-09 22:56:09.026018	2011-05-09 22:56:09.026018	\N	\N
86	National Planning Commission	+264612834111	info@npc.gov.na	Contact	2011-05-09 22:56:09.064313	2011-05-09 22:56:09.064313	\N	\N
87	National Planning Commission	+264612834111	info@npc.gov.na	Contact	2011-05-09 22:56:09.101562	2011-05-09 22:56:09.101562	\N	\N
88	National Planning Commission	+264612834111	info@npc.gov.na	Contact	2011-05-09 22:56:09.245879	2011-05-09 22:56:09.245879	\N	\N
89	National Planning Commission	+264612834111	info@npc.gov.na	Contact	2011-05-09 22:56:09.284513	2011-05-09 22:56:09.284513	\N	\N
90	National Planning Commission	+264612834111	info@npc.gov.na	Contact	2011-05-09 22:56:09.322655	2011-05-09 22:56:09.322655	\N	\N
91	National Planning Commission	+264612834111	info@npc.gov.na	Contact	2011-05-09 22:56:09.360839	2011-05-09 22:56:09.360839	\N	\N
92	National Planning Commission	+264612834111	info@npc.gov.na	Contact	2011-05-09 22:56:09.399085	2011-05-09 22:56:09.399085	\N	\N
93	National Planning Commission	+264612834111	info@npc.gov.na	Contact	2011-05-09 22:56:09.542523	2011-05-09 22:56:09.542523	\N	\N
94	National Planning Commission	+264612834111	info@npc.gov.na	Contact	2011-05-09 22:56:09.582695	2011-05-09 22:56:09.582695	\N	\N
95	National Planning Commission	+264612834111	info@npc.gov.na	Contact	2011-05-09 22:56:09.630257	2011-05-09 22:56:09.630257	\N	\N
96	National Planning Commission	+264612834111	info@npc.gov.na	Contact	2011-05-09 22:56:09.670587	2011-05-09 22:56:09.670587	\N	\N
97	National Planning Commission	+264612834111	info@npc.gov.na	Contact	2011-05-09 22:56:09.708302	2011-05-09 22:56:09.708302	\N	\N
98	National Planning Commission	+264612834111	info@npc.gov.na	Contact	2011-05-09 22:56:09.854567	2011-05-09 22:56:09.854567	\N	\N
99	National Planning Commission	+264612834111	info@npc.gov.na	Contact	2011-05-09 22:56:09.894716	2011-05-09 22:56:09.894716	\N	\N
100	National Planning Commission	+264612834111	info@npc.gov.na	Contact	2011-05-09 22:56:09.934702	2011-05-09 22:56:09.934702	\N	\N
101	National Planning Commission	+264612834111	info@npc.gov.na	Contact	2011-05-09 22:56:09.972757	2011-05-09 22:56:09.972757	\N	\N
102	National Planning Commission	+264612834111	info@npc.gov.na	Contact	2011-05-09 22:56:10.015115	2011-05-09 22:56:10.015115	\N	\N
103	National Planning Commission	+264612834111	info@npc.gov.na	Contact	2011-05-09 22:56:10.15846	2011-05-09 22:56:10.15846	\N	\N
104	National Planning Commission	+264612834111	info@npc.gov.na	Contact	2011-05-09 22:56:10.197214	2011-05-09 22:56:10.197214	\N	\N
105	National Planning Commission	+264612834111	info@npc.gov.na	Contact	2011-05-09 22:56:10.235206	2011-05-09 22:56:10.235206	\N	\N
106	National Planning Commission	+264612834111	info@npc.gov.na	Contact	2011-05-09 22:56:10.273504	2011-05-09 22:56:10.273504	\N	\N
107	National Planning Commission	+264612834111	info@npc.gov.na	Contact	2011-05-09 22:56:10.315374	2011-05-09 22:56:10.315374	\N	\N
108	National Planning Commission	+264612834111	info@npc.gov.na	Contact	2011-05-09 22:56:10.463449	2011-05-09 22:56:10.463449	\N	\N
109	Namibia National Planning Commission	+264612834111	\N	Contact	2011-05-09 22:56:10.499843	2011-05-09 22:56:10.499843	\N	\N
110	Namibia National Planning Commission	+264612834111	\N	Contact	2011-05-09 22:56:10.535019	2011-05-09 22:56:10.535019	\N	\N
111	National Planning Commission	+264612834111	info@npc.gov.na	Contact	2011-05-09 22:56:10.569975	2011-05-09 22:56:10.569975	\N	\N
112	Namibia National Planning Commission	+264612834111	info@npc.gov.na	Contact	2011-05-09 22:56:10.603145	2011-05-09 22:56:10.603145	\N	\N
113	Namibia National Planning Commission	+264612834111	\N	Contact	2011-05-09 22:56:10.64626	2011-05-09 22:56:10.64626	\N	\N
114	National Planning Commission	+264612834111	info@npc.gov.na	Contact	2011-05-09 22:56:10.787385	2011-05-09 22:56:10.787385	\N	\N
115	Namibia National Planning Commission	+264612834111	\N	Contact	2011-05-09 22:56:10.822719	2011-05-09 22:56:10.822719	\N	\N
116	National Planning Commission	+264612834111	info@npc.gov.na	Contact	2011-05-09 22:56:10.8566	2011-05-09 22:56:10.8566	\N	\N
117	Namibia National Planning Commission	+264612834111	\N	Contact	2011-05-09 22:56:10.888909	2011-05-09 22:56:10.888909	\N	\N
118	Namibia National Planning Commission	+264612834111	\N	Contact	2011-05-09 22:56:10.923875	2011-05-09 22:56:10.923875	\N	\N
119	Namibia National Planning Commission	+264612834111	\N	Contact	2011-05-09 22:56:10.961702	2011-05-09 22:56:10.961702	\N	\N
120	National Planning Commission	+264612834111	info@npc.gov.na	Contact	2011-05-09 22:56:11.105709	2011-05-09 22:56:11.105709	\N	\N
121	National Planning Commission	+264612834111	info@npc.gov.na	Contact	2011-05-09 22:56:11.142434	2011-05-09 22:56:11.142434	\N	\N
122	National Planning Commission	+264612834111	info@npc.gov.na	Contact	2011-05-09 22:56:11.182795	2011-05-09 22:56:11.182795	\N	\N
123	National Planning Commission	+264612834111	info@npc.gov.na	Contact	2011-05-09 22:56:11.215778	2011-05-09 22:56:11.215778	\N	\N
124	National Planning Commission	+264612834111	info@npc.gov.na	Contact	2011-05-09 22:56:11.249452	2011-05-09 22:56:11.249452	\N	\N
125	National Planning Commission	+264612834111	info@npc.gov.na	Contact	2011-05-09 22:56:11.284213	2011-05-09 22:56:11.284213	\N	\N
126	National Planning Commission	+264612834111	info@npc.gov.na	Contact	2011-05-09 22:56:11.439736	2011-05-09 22:56:11.439736	\N	\N
127	National Planning Commission	+264612834111	info@npc.gov.na	Contact	2011-05-09 22:56:11.473582	2011-05-09 22:56:11.473582	\N	\N
128	National Planning Commission	+264612834111	info@npc.gov.na	Contact	2011-05-09 22:56:11.507774	2011-05-09 22:56:11.507774	\N	\N
129	National Planning Commission	+264612834111	info@npc.gov.na	Contact	2011-05-09 22:56:11.539875	2011-05-09 22:56:11.539875	\N	\N
130	National Planning Commission	+264612834111	info@npc.gov.na	Contact	2011-05-09 22:56:11.574844	2011-05-09 22:56:11.574844	\N	\N
131	National Planning Commission	+264612834111	info@npc.gov.na	Contact	2011-05-09 22:56:11.717163	2011-05-09 22:56:11.717163	\N	\N
132	National Planning Commission	+264612834111	info@npc.gov.na	Contact	2011-05-09 22:56:11.75002	2011-05-09 22:56:11.75002	\N	\N
133	National Planning Commission	+264612834111	info@npc.gov.na	Contact	2011-05-09 22:56:11.782915	2011-05-09 22:56:11.782915	\N	\N
134	Ms. N C Kali, Deputy Director Economic Statistics	\N	nkali@npc.gov.na	Contact	2011-05-09 22:56:11.816834	2011-05-09 22:56:11.816834	\N	\N
135	National Planning Commission	+264612834111	info@npc.gov.na	Contact	2011-05-09 22:56:11.85157	2011-05-09 22:56:11.85157	\N	\N
136	National Planning Commission	+264612834111	info@npc.gov.na	Contact	2011-05-09 22:56:11.885506	2011-05-09 22:56:11.885506	\N	\N
137	Mamadou Niang	\N	statsenegal@ansd.sn	Contact	2011-05-09 22:56:12.084051	2011-05-09 22:56:12.084051	\N	\N
138	Senegal Agence National de la Statistique et de la Dmographie	\N	statsenegal@ansd.sn	Contact	2011-05-09 22:56:12.131164	2011-05-09 22:56:12.131164	\N	\N
139	Mamadou Niang	\N	statsenegal@ansd.sn	Contact	2011-05-09 22:56:12.173301	2011-05-09 22:56:12.173301	\N	\N
140	Mamadou NIANG	\N	\N	Author	2011-05-09 22:56:12.18782	2011-05-09 22:56:12.18782	31	136
141	Senegal Agence National de la Statistique et de la Dmographie	\N	statsenegal@ansd.sn	Contact	2011-05-09 22:56:12.226815	2011-05-09 22:56:12.226815	\N	\N
142	Assatou GUEYE THIAM	\N	\N	Author	2011-05-09 22:56:12.346021	2011-05-09 22:56:12.346021	31	137
143	Senegal Agence National de la Statistique et de la Dmographie	\N	statsenegal@ansd.sn	Contact	2011-05-09 22:56:12.379877	2011-05-09 22:56:12.379877	\N	\N
144	Rokhaya Niang	\N	\N	Author	2011-05-09 22:56:12.390279	2011-05-09 22:56:12.390279	31	138
145	ARMP	221338891160	armp@armp.sn	Contact	2011-05-09 22:56:12.425459	2011-05-09 22:56:12.425459	\N	\N
146	Senegal Regulatory Agency for Posts and Telecommunication	221338690369	\N	Contact	2011-05-09 22:56:12.46602	2011-05-09 22:56:12.46602	\N	\N
147	Senegal Regulatory Agency for Posts and Telecommunication	221338690369	\N	Contact	2011-05-09 22:56:12.514806	2011-05-09 22:56:12.514806	\N	\N
148	Cours des Comptes Senegal	221338494001	ccomptes@courdescomptes.sn	Contact	2011-05-09 22:56:12.658339	2011-05-09 22:56:12.658339	\N	\N
149	Senegal Agence National de la Statistique et de la Dmographie	\N	statsenegal@ansd.sn	Contact	2011-05-09 22:56:12.698081	2011-05-09 22:56:12.698081	\N	\N
150	National Program fighting Malaria	221338694242	\N	Contact	2011-05-09 22:56:12.756586	2011-05-09 22:56:12.756586	\N	\N
151	Mohamed Ayad	\N	\N	Author	2011-05-09 22:56:12.773734	2011-05-09 22:56:12.773734	36	144
152	Salif Ndiaye\r\nCentre for Research and human Development  (CRHD)	\N	crdh@crdhvision.com	Contact	2011-05-09 22:56:12.812923	2011-05-09 22:56:12.812923	\N	\N
153	Mouhamed Ayad	\N	\N	Author	2011-05-09 22:56:12.822784	2011-05-09 22:56:12.822784	36	145
154	Measure DHS	\N	info@measuredhs.com	Contact	2011-05-09 22:56:12.954474	2011-05-09 22:56:12.954474	\N	\N
155	Measure DHS	\N	info@measuredhs.com	Contact	2011-05-09 22:56:12.994471	2011-05-09 22:56:12.994471	\N	\N
156	Measure DHS	\N	info@measuredhs.com	Contact	2011-05-09 22:56:13.036069	2011-05-09 22:56:13.036069	\N	\N
157	Measure DHS	\N	info@measuredhs.com	Contact	2011-05-09 22:56:13.083939	2011-05-09 22:56:13.083939	\N	\N
158	Measure DHS	\N	info@measuredhs.com	Contact	2011-05-09 22:56:13.122227	2011-05-09 22:56:13.122227	\N	\N
159	Senegal Ministry of Health and Prevention	\N	cabinet@minsante.sn	Contact	2011-05-09 22:56:13.271209	2011-05-09 22:56:13.271209	\N	\N
160	Dr Mamadou Coume	\N	drcoume@ipres.sn	Contact	2011-05-09 22:56:13.304963	2011-05-09 22:56:13.304963	\N	\N
161	Dr Mamadou Coum	\N	\N	Author	2011-05-09 22:56:13.32111	2011-05-09 22:56:13.32111	40	152
162	Senegal National Council of Fight Against AIDS	+2218690909	\N	Contact	2011-05-09 22:56:13.348374	2011-05-09 22:56:13.348374	\N	\N
163	ANCS	221332218693011	statsenegal@ansd.sn	Contact	2011-05-09 22:56:13.394115	2011-05-09 22:56:13.394115	\N	\N
164	Soukaye Dieng	\N	\N	Author	2011-05-09 22:56:13.402954	2011-05-09 22:56:13.402954	\N	154
165	FHI Senegal	221338697000	\N	Contact	2011-05-09 22:56:13.569607	2011-05-09 22:56:13.569607	\N	\N
166	Soukaye Dieng Diop	\N	\N	Author	2011-05-09 22:56:13.578742	2011-05-09 22:56:13.578742	\N	155
\.


--
-- Data for Name: ratings; Type: TABLE DATA; Schema: public; Owner: hong
--

COPY ratings (id, user_id, data_record_id, value, created_at, updated_at) FROM stdin;
\.


--
-- Data for Name: schema_migrations; Type: TABLE DATA; Schema: public; Owner: hong
--

COPY schema_migrations (version) FROM stdin;
20101230220721
20090715214821
20090727190745
20090729192829
20090729192920
20090730151335
20090825215426
20090921202057
20091009212531
20091013181931
20091109213740
20091211205545
20091211215757
20100831205557
20100914185326
20100915162515
20100915192414
20100915203750
20100916185354
20100916204450
20100917173030
20100917184449
20100917205805
20100917214827
20100920182657
20100922211801
20100927193134
20100928172943
20100928195635
20100928204334
20100929174015
20100930172445
20101001181308
20101001185311
20101004180417
20101007175355
20101007192708
20101130164138
20101130194744
20101210212459
20101214202255
20101215045718
20101221013542
20101222162943
\.


--
-- Data for Name: sponsors; Type: TABLE DATA; Schema: public; Owner: hong
--

COPY sponsors (id, data_record_id, organization_id, lead, created_at, updated_at) FROM stdin;
1	1	1	t	2011-05-09 22:56:03.768145	2011-05-09 22:56:03.768145
2	2	3	t	2011-05-09 22:56:03.94025	2011-05-09 22:56:03.94025
3	2	2	f	2011-05-09 22:56:03.944094	2011-05-09 22:56:03.944094
4	3	4	t	2011-05-09 22:56:03.995942	2011-05-09 22:56:03.995942
5	3	5	f	2011-05-09 22:56:04.005692	2011-05-09 22:56:04.005692
6	4	4	t	2011-05-09 22:56:04.039608	2011-05-09 22:56:04.039608
7	5	4	t	2011-05-09 22:56:04.081515	2011-05-09 22:56:04.081515
8	5	6	f	2011-05-09 22:56:04.091672	2011-05-09 22:56:04.091672
9	6	4	t	2011-05-09 22:56:04.24847	2011-05-09 22:56:04.24847
10	6	6	f	2011-05-09 22:56:04.25237	2011-05-09 22:56:04.25237
11	7	4	t	2011-05-09 22:56:04.294342	2011-05-09 22:56:04.294342
12	7	7	f	2011-05-09 22:56:04.30408	2011-05-09 22:56:04.30408
13	7	8	f	2011-05-09 22:56:04.312765	2011-05-09 22:56:04.312765
14	8	4	t	2011-05-09 22:56:04.348288	2011-05-09 22:56:04.348288
15	8	5	f	2011-05-09 22:56:04.351924	2011-05-09 22:56:04.351924
16	9	4	t	2011-05-09 22:56:04.386129	2011-05-09 22:56:04.386129
17	9	9	f	2011-05-09 22:56:04.3952	2011-05-09 22:56:04.3952
18	9	5	f	2011-05-09 22:56:04.400633	2011-05-09 22:56:04.400633
19	10	10	t	2011-05-09 22:56:04.551298	2011-05-09 22:56:04.551298
20	11	10	t	2011-05-09 22:56:04.5905	2011-05-09 22:56:04.5905
21	12	10	t	2011-05-09 22:56:04.636366	2011-05-09 22:56:04.636366
22	13	10	t	2011-05-09 22:56:04.683412	2011-05-09 22:56:04.683412
23	14	10	t	2011-05-09 22:56:04.735882	2011-05-09 22:56:04.735882
24	15	10	t	2011-05-09 22:56:04.887215	2011-05-09 22:56:04.887215
25	16	10	t	2011-05-09 22:56:04.926672	2011-05-09 22:56:04.926672
26	17	10	t	2011-05-09 22:56:04.968176	2011-05-09 22:56:04.968176
27	18	10	t	2011-05-09 22:56:05.011428	2011-05-09 22:56:05.011428
28	19	10	t	2011-05-09 22:56:05.052797	2011-05-09 22:56:05.052797
29	20	10	t	2011-05-09 22:56:05.202057	2011-05-09 22:56:05.202057
30	21	10	t	2011-05-09 22:56:05.241135	2011-05-09 22:56:05.241135
31	22	12	t	2011-05-09 22:56:05.295018	2011-05-09 22:56:05.295018
32	22	11	f	2011-05-09 22:56:05.299163	2011-05-09 22:56:05.299163
33	23	13	t	2011-05-09 22:56:05.336352	2011-05-09 22:56:05.336352
34	24	13	t	2011-05-09 22:56:05.486448	2011-05-09 22:56:05.486448
35	24	14	f	2011-05-09 22:56:05.495224	2011-05-09 22:56:05.495224
36	25	13	t	2011-05-09 22:56:05.533416	2011-05-09 22:56:05.533416
37	26	13	t	2011-05-09 22:56:05.573962	2011-05-09 22:56:05.573962
38	27	15	t	2011-05-09 22:56:05.620363	2011-05-09 22:56:05.620363
39	28	15	t	2011-05-09 22:56:05.657559	2011-05-09 22:56:05.657559
40	29	4	t	2011-05-09 22:56:05.805771	2011-05-09 22:56:05.805771
41	29	16	f	2011-05-09 22:56:05.814876	2011-05-09 22:56:05.814876
42	30	18	t	2011-05-09 22:56:05.870932	2011-05-09 22:56:05.870932
43	30	19	f	2011-05-09 22:56:05.879249	2011-05-09 22:56:05.879249
44	31	20	t	2011-05-09 22:56:05.929278	2011-05-09 22:56:05.929278
45	31	4	f	2011-05-09 22:56:05.933841	2011-05-09 22:56:05.933841
46	32	4	t	2011-05-09 22:56:06.078953	2011-05-09 22:56:06.078953
47	32	21	f	2011-05-09 22:56:06.087631	2011-05-09 22:56:06.087631
48	33	22	t	2011-05-09 22:56:06.280584	2011-05-09 22:56:06.280584
49	33	23	f	2011-05-09 22:56:06.28981	2011-05-09 22:56:06.28981
50	34	22	t	2011-05-09 22:56:06.429592	2011-05-09 22:56:06.429592
51	35	22	t	2011-05-09 22:56:06.464192	2011-05-09 22:56:06.464192
52	35	23	f	2011-05-09 22:56:06.46832	2011-05-09 22:56:06.46832
53	35	24	f	2011-05-09 22:56:06.477444	2011-05-09 22:56:06.477444
54	36	22	t	2011-05-09 22:56:06.512478	2011-05-09 22:56:06.512478
55	37	22	t	2011-05-09 22:56:06.549012	2011-05-09 22:56:06.549012
56	38	22	t	2011-05-09 22:56:06.584197	2011-05-09 22:56:06.584197
57	39	22	t	2011-05-09 22:56:06.738439	2011-05-09 22:56:06.738439
58	40	22	t	2011-05-09 22:56:06.773149	2011-05-09 22:56:06.773149
59	41	22	t	2011-05-09 22:56:06.811309	2011-05-09 22:56:06.811309
60	42	22	t	2011-05-09 22:56:06.847599	2011-05-09 22:56:06.847599
61	43	22	t	2011-05-09 22:56:06.890449	2011-05-09 22:56:06.890449
62	44	22	t	2011-05-09 22:56:06.924692	2011-05-09 22:56:06.924692
63	45	22	t	2011-05-09 22:56:07.067774	2011-05-09 22:56:07.067774
64	46	22	t	2011-05-09 22:56:07.106017	2011-05-09 22:56:07.106017
65	47	22	t	2011-05-09 22:56:07.141086	2011-05-09 22:56:07.141086
66	48	22	t	2011-05-09 22:56:07.175085	2011-05-09 22:56:07.175085
67	49	22	t	2011-05-09 22:56:07.21011	2011-05-09 22:56:07.21011
68	50	22	t	2011-05-09 22:56:07.243417	2011-05-09 22:56:07.243417
69	51	25	t	2011-05-09 22:56:07.395761	2011-05-09 22:56:07.395761
70	52	25	t	2011-05-09 22:56:07.430765	2011-05-09 22:56:07.430765
71	53	25	t	2011-05-09 22:56:07.464578	2011-05-09 22:56:07.464578
72	54	25	t	2011-05-09 22:56:07.498566	2011-05-09 22:56:07.498566
73	55	25	t	2011-05-09 22:56:07.52998	2011-05-09 22:56:07.52998
74	56	25	t	2011-05-09 22:56:07.686834	2011-05-09 22:56:07.686834
75	57	25	t	2011-05-09 22:56:07.719455	2011-05-09 22:56:07.719455
76	58	25	t	2011-05-09 22:56:07.754022	2011-05-09 22:56:07.754022
77	59	25	t	2011-05-09 22:56:07.788494	2011-05-09 22:56:07.788494
78	60	25	t	2011-05-09 22:56:07.824918	2011-05-09 22:56:07.824918
79	61	25	t	2011-05-09 22:56:07.857219	2011-05-09 22:56:07.857219
80	62	25	t	2011-05-09 22:56:08.022688	2011-05-09 22:56:08.022688
81	63	25	t	2011-05-09 22:56:08.055084	2011-05-09 22:56:08.055084
82	64	25	t	2011-05-09 22:56:08.089178	2011-05-09 22:56:08.089178
83	65	25	t	2011-05-09 22:56:08.124932	2011-05-09 22:56:08.124932
84	66	25	t	2011-05-09 22:56:08.155907	2011-05-09 22:56:08.155907
85	67	25	t	2011-05-09 22:56:08.191886	2011-05-09 22:56:08.191886
86	68	25	t	2011-05-09 22:56:08.330126	2011-05-09 22:56:08.330126
87	69	25	t	2011-05-09 22:56:08.362178	2011-05-09 22:56:08.362178
88	70	25	t	2011-05-09 22:56:08.396181	2011-05-09 22:56:08.396181
89	71	25	t	2011-05-09 22:56:08.430558	2011-05-09 22:56:08.430558
90	72	25	t	2011-05-09 22:56:08.461048	2011-05-09 22:56:08.461048
91	73	25	t	2011-05-09 22:56:08.493747	2011-05-09 22:56:08.493747
92	74	25	t	2011-05-09 22:56:08.63561	2011-05-09 22:56:08.63561
93	75	25	t	2011-05-09 22:56:08.668496	2011-05-09 22:56:08.668496
94	76	25	t	2011-05-09 22:56:08.703547	2011-05-09 22:56:08.703547
95	77	26	t	2011-05-09 22:56:08.742408	2011-05-09 22:56:08.742408
96	77	27	f	2011-05-09 22:56:08.750756	2011-05-09 22:56:08.750756
97	78	26	t	2011-05-09 22:56:08.782212	2011-05-09 22:56:08.782212
98	78	27	f	2011-05-09 22:56:08.786057	2011-05-09 22:56:08.786057
99	79	26	t	2011-05-09 22:56:08.927063	2011-05-09 22:56:08.927063
100	79	27	f	2011-05-09 22:56:08.931167	2011-05-09 22:56:08.931167
101	80	26	t	2011-05-09 22:56:08.963108	2011-05-09 22:56:08.963108
102	80	27	f	2011-05-09 22:56:08.967442	2011-05-09 22:56:08.967442
103	81	26	t	2011-05-09 22:56:09.002303	2011-05-09 22:56:09.002303
104	81	27	f	2011-05-09 22:56:09.006601	2011-05-09 22:56:09.006601
105	82	26	t	2011-05-09 22:56:09.039691	2011-05-09 22:56:09.039691
106	82	27	f	2011-05-09 22:56:09.043442	2011-05-09 22:56:09.043442
107	83	26	t	2011-05-09 22:56:09.07791	2011-05-09 22:56:09.07791
108	83	27	f	2011-05-09 22:56:09.081704	2011-05-09 22:56:09.081704
109	84	26	t	2011-05-09 22:56:09.115267	2011-05-09 22:56:09.115267
110	84	27	f	2011-05-09 22:56:09.227264	2011-05-09 22:56:09.227264
111	85	26	t	2011-05-09 22:56:09.260081	2011-05-09 22:56:09.260081
112	85	27	f	2011-05-09 22:56:09.263928	2011-05-09 22:56:09.263928
113	86	26	t	2011-05-09 22:56:09.298774	2011-05-09 22:56:09.298774
114	86	27	f	2011-05-09 22:56:09.302701	2011-05-09 22:56:09.302701
115	87	26	t	2011-05-09 22:56:09.336389	2011-05-09 22:56:09.336389
116	87	27	f	2011-05-09 22:56:09.340129	2011-05-09 22:56:09.340129
117	88	26	t	2011-05-09 22:56:09.374633	2011-05-09 22:56:09.374633
118	88	27	f	2011-05-09 22:56:09.378348	2011-05-09 22:56:09.378348
119	89	26	t	2011-05-09 22:56:09.412778	2011-05-09 22:56:09.412778
120	89	27	f	2011-05-09 22:56:09.523354	2011-05-09 22:56:09.523354
121	90	26	t	2011-05-09 22:56:09.557956	2011-05-09 22:56:09.557956
122	90	27	f	2011-05-09 22:56:09.561923	2011-05-09 22:56:09.561923
123	91	26	t	2011-05-09 22:56:09.596479	2011-05-09 22:56:09.596479
124	91	27	f	2011-05-09 22:56:09.600433	2011-05-09 22:56:09.600433
125	92	26	t	2011-05-09 22:56:09.645913	2011-05-09 22:56:09.645913
126	92	27	f	2011-05-09 22:56:09.651787	2011-05-09 22:56:09.651787
127	93	26	t	2011-05-09 22:56:09.683958	2011-05-09 22:56:09.683958
128	93	27	f	2011-05-09 22:56:09.68794	2011-05-09 22:56:09.68794
129	94	26	t	2011-05-09 22:56:09.722162	2011-05-09 22:56:09.722162
130	94	27	f	2011-05-09 22:56:09.725764	2011-05-09 22:56:09.725764
131	95	26	t	2011-05-09 22:56:09.869368	2011-05-09 22:56:09.869368
132	95	27	f	2011-05-09 22:56:09.873642	2011-05-09 22:56:09.873642
133	96	26	t	2011-05-09 22:56:09.909181	2011-05-09 22:56:09.909181
134	96	27	f	2011-05-09 22:56:09.913018	2011-05-09 22:56:09.913018
135	97	26	t	2011-05-09 22:56:09.949027	2011-05-09 22:56:09.949027
136	97	27	f	2011-05-09 22:56:09.952933	2011-05-09 22:56:09.952933
137	98	26	t	2011-05-09 22:56:09.987529	2011-05-09 22:56:09.987529
138	98	27	f	2011-05-09 22:56:09.99246	2011-05-09 22:56:09.99246
139	99	26	t	2011-05-09 22:56:10.028508	2011-05-09 22:56:10.028508
140	99	27	f	2011-05-09 22:56:10.032526	2011-05-09 22:56:10.032526
141	100	26	t	2011-05-09 22:56:10.172572	2011-05-09 22:56:10.172572
142	100	27	f	2011-05-09 22:56:10.176607	2011-05-09 22:56:10.176607
143	101	26	t	2011-05-09 22:56:10.211146	2011-05-09 22:56:10.211146
144	101	27	f	2011-05-09 22:56:10.215162	2011-05-09 22:56:10.215162
145	102	26	t	2011-05-09 22:56:10.249356	2011-05-09 22:56:10.249356
146	102	27	f	2011-05-09 22:56:10.253198	2011-05-09 22:56:10.253198
147	103	26	t	2011-05-09 22:56:10.287251	2011-05-09 22:56:10.287251
148	103	27	f	2011-05-09 22:56:10.29094	2011-05-09 22:56:10.29094
149	104	26	t	2011-05-09 22:56:10.328785	2011-05-09 22:56:10.328785
150	104	27	f	2011-05-09 22:56:10.332529	2011-05-09 22:56:10.332529
151	105	26	t	2011-05-09 22:56:10.478023	2011-05-09 22:56:10.478023
152	105	27	f	2011-05-09 22:56:10.482065	2011-05-09 22:56:10.482065
153	106	27	t	2011-05-09 22:56:10.514119	2011-05-09 22:56:10.514119
154	107	27	t	2011-05-09 22:56:10.549364	2011-05-09 22:56:10.549364
155	108	27	t	2011-05-09 22:56:10.583946	2011-05-09 22:56:10.583946
156	109	27	t	2011-05-09 22:56:10.620545	2011-05-09 22:56:10.620545
157	109	28	f	2011-05-09 22:56:10.628652	2011-05-09 22:56:10.628652
158	110	27	t	2011-05-09 22:56:10.769732	2011-05-09 22:56:10.769732
159	111	27	t	2011-05-09 22:56:10.801375	2011-05-09 22:56:10.801375
160	112	27	t	2011-05-09 22:56:10.837354	2011-05-09 22:56:10.837354
161	113	27	t	2011-05-09 22:56:10.870961	2011-05-09 22:56:10.870961
162	114	27	t	2011-05-09 22:56:10.90315	2011-05-09 22:56:10.90315
163	115	27	t	2011-05-09 22:56:10.938185	2011-05-09 22:56:10.938185
164	116	27	t	2011-05-09 22:56:11.08731	2011-05-09 22:56:11.08731
165	117	27	t	2011-05-09 22:56:11.119882	2011-05-09 22:56:11.119882
166	118	27	t	2011-05-09 22:56:11.156887	2011-05-09 22:56:11.156887
167	119	27	t	2011-05-09 22:56:11.196379	2011-05-09 22:56:11.196379
168	120	27	t	2011-05-09 22:56:11.231449	2011-05-09 22:56:11.231449
169	121	27	t	2011-05-09 22:56:11.26282	2011-05-09 22:56:11.26282
170	122	27	t	2011-05-09 22:56:11.42144	2011-05-09 22:56:11.42144
171	123	27	t	2011-05-09 22:56:11.454368	2011-05-09 22:56:11.454368
172	124	27	t	2011-05-09 22:56:11.488566	2011-05-09 22:56:11.488566
173	125	27	t	2011-05-09 22:56:11.522201	2011-05-09 22:56:11.522201
174	126	27	t	2011-05-09 22:56:11.554525	2011-05-09 22:56:11.554525
175	127	27	t	2011-05-09 22:56:11.588374	2011-05-09 22:56:11.588374
176	128	27	t	2011-05-09 22:56:11.731498	2011-05-09 22:56:11.731498
177	129	27	t	2011-05-09 22:56:11.763975	2011-05-09 22:56:11.763975
178	130	27	t	2011-05-09 22:56:11.797111	2011-05-09 22:56:11.797111
179	131	27	t	2011-05-09 22:56:11.83231	2011-05-09 22:56:11.83231
180	132	26	t	2011-05-09 22:56:11.865175	2011-05-09 22:56:11.865175
181	133	22	t	2011-05-09 22:56:11.899048	2011-05-09 22:56:11.899048
182	133	29	f	2011-05-09 22:56:11.907395	2011-05-09 22:56:11.907395
183	133	23	f	2011-05-09 22:56:12.019624	2011-05-09 22:56:12.019624
184	134	30	t	2011-05-09 22:56:12.103808	2011-05-09 22:56:12.103808
185	135	30	t	2011-05-09 22:56:12.145207	2011-05-09 22:56:12.145207
186	136	30	t	2011-05-09 22:56:12.194233	2011-05-09 22:56:12.194233
187	137	30	t	2011-05-09 22:56:12.352492	2011-05-09 22:56:12.352492
188	138	30	t	2011-05-09 22:56:12.396801	2011-05-09 22:56:12.396801
189	139	32	t	2011-05-09 22:56:12.443794	2011-05-09 22:56:12.443794
190	140	33	t	2011-05-09 22:56:12.484975	2011-05-09 22:56:12.484975
191	140	34	f	2011-05-09 22:56:12.495474	2011-05-09 22:56:12.495474
192	141	33	t	2011-05-09 22:56:12.529221	2011-05-09 22:56:12.529221
193	142	35	t	2011-05-09 22:56:12.677408	2011-05-09 22:56:12.677408
194	143	30	t	2011-05-09 22:56:12.712061	2011-05-09 22:56:12.712061
195	144	37	t	2011-05-09 22:56:12.784907	2011-05-09 22:56:12.784907
196	144	38	f	2011-05-09 22:56:12.793245	2011-05-09 22:56:12.793245
197	145	38	t	2011-05-09 22:56:12.829382	2011-05-09 22:56:12.829382
198	146	37	t	2011-05-09 22:56:12.968581	2011-05-09 22:56:12.968581
199	147	37	t	2011-05-09 22:56:13.009638	2011-05-09 22:56:13.009638
200	148	37	t	2011-05-09 22:56:13.049868	2011-05-09 22:56:13.049868
201	148	39	f	2011-05-09 22:56:13.058561	2011-05-09 22:56:13.058561
202	149	37	t	2011-05-09 22:56:13.097375	2011-05-09 22:56:13.097375
203	150	37	t	2011-05-09 22:56:13.24492	2011-05-09 22:56:13.24492
204	151	38	t	2011-05-09 22:56:13.285096	2011-05-09 22:56:13.285096
205	152	38	t	2011-05-09 22:56:13.327388	2011-05-09 22:56:13.327388
206	153	41	t	2011-05-09 22:56:13.36714	2011-05-09 22:56:13.36714
207	153	38	f	2011-05-09 22:56:13.371801	2011-05-09 22:56:13.371801
208	154	42	t	2011-05-09 22:56:13.41372	2011-05-09 22:56:13.41372
209	154	43	f	2011-05-09 22:56:13.424298	2011-05-09 22:56:13.424298
210	154	44	f	2011-05-09 22:56:13.538292	2011-05-09 22:56:13.538292
211	154	45	f	2011-05-09 22:56:13.546814	2011-05-09 22:56:13.546814
212	155	46	t	2011-05-09 22:56:13.589806	2011-05-09 22:56:13.589806
213	155	41	f	2011-05-09 22:56:13.595017	2011-05-09 22:56:13.595017
\.


--
-- Data for Name: submissions; Type: TABLE DATA; Schema: public; Owner: hong
--

COPY submissions (id, type, name, email, user_id, title, url, comments, created_at, updated_at, status) FROM stdin;
\.


--
-- Data for Name: taggings; Type: TABLE DATA; Schema: public; Owner: hong
--

COPY taggings (id, tag_id, taggable_id, tagger_id, tagger_type, taggable_type, context, created_at) FROM stdin;
1	7	1	\N	\N	DataRecord	tags	2011-05-09 22:56:03.781592
2	5	1	\N	\N	DataRecord	tags	2011-05-09 22:56:03.788027
3	12	1	\N	\N	DataRecord	tags	2011-05-09 22:56:03.791411
4	8	2	\N	\N	DataRecord	tags	2011-05-09 22:56:03.949453
5	18	2	\N	\N	DataRecord	tags	2011-05-09 22:56:03.957876
6	8	3	\N	\N	DataRecord	tags	2011-05-09 22:56:04.011315
7	8	4	\N	\N	DataRecord	tags	2011-05-09 22:56:04.045224
8	4	4	\N	\N	DataRecord	tags	2011-05-09 22:56:04.049458
9	11	4	\N	\N	DataRecord	tags	2011-05-09 22:56:04.053226
10	8	5	\N	\N	DataRecord	tags	2011-05-09 22:56:04.098247
11	4	5	\N	\N	DataRecord	tags	2011-05-09 22:56:04.101258
12	8	6	\N	\N	DataRecord	tags	2011-05-09 22:56:04.257566
13	4	6	\N	\N	DataRecord	tags	2011-05-09 22:56:04.260457
14	11	6	\N	\N	DataRecord	tags	2011-05-09 22:56:04.26343
15	8	7	\N	\N	DataRecord	tags	2011-05-09 22:56:04.318408
16	4	7	\N	\N	DataRecord	tags	2011-05-09 22:56:04.321264
17	8	8	\N	\N	DataRecord	tags	2011-05-09 22:56:04.356874
18	8	9	\N	\N	DataRecord	tags	2011-05-09 22:56:04.405816
19	4	9	\N	\N	DataRecord	tags	2011-05-09 22:56:04.408586
20	3	10	\N	\N	DataRecord	tags	2011-05-09 22:56:04.556712
21	4	10	\N	\N	DataRecord	tags	2011-05-09 22:56:04.559602
22	1	10	\N	\N	DataRecord	tags	2011-05-09 22:56:04.562486
23	3	11	\N	\N	DataRecord	tags	2011-05-09 22:56:04.595833
24	4	11	\N	\N	DataRecord	tags	2011-05-09 22:56:04.598705
25	6	11	\N	\N	DataRecord	tags	2011-05-09 22:56:04.602775
26	3	12	\N	\N	DataRecord	tags	2011-05-09 22:56:04.643178
27	11	12	\N	\N	DataRecord	tags	2011-05-09 22:56:04.646161
28	5	12	\N	\N	DataRecord	tags	2011-05-09 22:56:04.6496
29	3	13	\N	\N	DataRecord	tags	2011-05-09 22:56:04.69483
30	4	13	\N	\N	DataRecord	tags	2011-05-09 22:56:04.697933
31	3	14	\N	\N	DataRecord	tags	2011-05-09 22:56:04.741772
32	4	14	\N	\N	DataRecord	tags	2011-05-09 22:56:04.74463
33	6	14	\N	\N	DataRecord	tags	2011-05-09 22:56:04.747504
34	3	15	\N	\N	DataRecord	tags	2011-05-09 22:56:04.893202
35	4	15	\N	\N	DataRecord	tags	2011-05-09 22:56:04.896073
36	5	15	\N	\N	DataRecord	tags	2011-05-09 22:56:04.899283
37	3	16	\N	\N	DataRecord	tags	2011-05-09 22:56:04.932305
38	4	16	\N	\N	DataRecord	tags	2011-05-09 22:56:04.935303
39	1	16	\N	\N	DataRecord	tags	2011-05-09 22:56:04.93991
40	3	17	\N	\N	DataRecord	tags	2011-05-09 22:56:04.974112
41	4	17	\N	\N	DataRecord	tags	2011-05-09 22:56:04.977864
42	9	17	\N	\N	DataRecord	tags	2011-05-09 22:56:04.982364
43	3	18	\N	\N	DataRecord	tags	2011-05-09 22:56:05.017195
44	4	18	\N	\N	DataRecord	tags	2011-05-09 22:56:05.021175
45	10	18	\N	\N	DataRecord	tags	2011-05-09 22:56:05.024921
46	3	19	\N	\N	DataRecord	tags	2011-05-09 22:56:05.058523
47	4	19	\N	\N	DataRecord	tags	2011-05-09 22:56:05.170312
48	7	19	\N	\N	DataRecord	tags	2011-05-09 22:56:05.17326
49	3	20	\N	\N	DataRecord	tags	2011-05-09 22:56:05.207839
50	4	20	\N	\N	DataRecord	tags	2011-05-09 22:56:05.211726
51	3	21	\N	\N	DataRecord	tags	2011-05-09 22:56:05.246563
52	4	21	\N	\N	DataRecord	tags	2011-05-09 22:56:05.249536
53	8	22	\N	\N	DataRecord	tags	2011-05-09 22:56:05.304783
54	11	23	\N	\N	DataRecord	tags	2011-05-09 22:56:05.341584
55	3	23	\N	\N	DataRecord	tags	2011-05-09 22:56:05.345719
56	8	23	\N	\N	DataRecord	tags	2011-05-09 22:56:05.348881
57	8	24	\N	\N	DataRecord	tags	2011-05-09 22:56:05.500622
58	13	24	\N	\N	DataRecord	tags	2011-05-09 22:56:05.503459
59	11	24	\N	\N	DataRecord	tags	2011-05-09 22:56:05.506543
60	11	25	\N	\N	DataRecord	tags	2011-05-09 22:56:05.538794
61	3	25	\N	\N	DataRecord	tags	2011-05-09 22:56:05.541696
62	8	25	\N	\N	DataRecord	tags	2011-05-09 22:56:05.546197
63	11	26	\N	\N	DataRecord	tags	2011-05-09 22:56:05.57917
64	3	26	\N	\N	DataRecord	tags	2011-05-09 22:56:05.5819
65	8	26	\N	\N	DataRecord	tags	2011-05-09 22:56:05.585802
66	4	27	\N	\N	DataRecord	tags	2011-05-09 22:56:05.62732
67	8	27	\N	\N	DataRecord	tags	2011-05-09 22:56:05.630242
68	1	28	\N	\N	DataRecord	tags	2011-05-09 22:56:05.770721
69	11	28	\N	\N	DataRecord	tags	2011-05-09 22:56:05.773738
70	10	28	\N	\N	DataRecord	tags	2011-05-09 22:56:05.776522
71	11	29	\N	\N	DataRecord	tags	2011-05-09 22:56:05.820806
72	6	29	\N	\N	DataRecord	tags	2011-05-09 22:56:05.823765
73	4	30	\N	\N	DataRecord	tags	2011-05-09 22:56:05.88426
74	19	30	\N	\N	DataRecord	tags	2011-05-09 22:56:05.889296
75	4	31	\N	\N	DataRecord	tags	2011-05-09 22:56:05.939057
76	8	31	\N	\N	DataRecord	tags	2011-05-09 22:56:05.941863
77	19	31	\N	\N	DataRecord	tags	2011-05-09 22:56:05.944417
78	15	32	\N	\N	DataRecord	tags	2011-05-09 22:56:06.09318
79	8	33	\N	\N	DataRecord	tags	2011-05-09 22:56:06.401786
80	8	34	\N	\N	DataRecord	tags	2011-05-09 22:56:06.435021
81	8	35	\N	\N	DataRecord	tags	2011-05-09 22:56:06.483492
82	8	36	\N	\N	DataRecord	tags	2011-05-09 22:56:06.517768
83	8	37	\N	\N	DataRecord	tags	2011-05-09 22:56:06.554343
84	10	38	\N	\N	DataRecord	tags	2011-05-09 22:56:06.589777
85	8	38	\N	\N	DataRecord	tags	2011-05-09 22:56:06.592796
86	8	39	\N	\N	DataRecord	tags	2011-05-09 22:56:06.74391
87	8	40	\N	\N	DataRecord	tags	2011-05-09 22:56:06.7784
88	8	41	\N	\N	DataRecord	tags	2011-05-09 22:56:06.816675
89	8	42	\N	\N	DataRecord	tags	2011-05-09 22:56:06.852778
90	8	43	\N	\N	DataRecord	tags	2011-05-09 22:56:06.89822
91	8	44	\N	\N	DataRecord	tags	2011-05-09 22:56:06.929759
92	8	45	\N	\N	DataRecord	tags	2011-05-09 22:56:07.073376
93	8	46	\N	\N	DataRecord	tags	2011-05-09 22:56:07.111779
94	8	47	\N	\N	DataRecord	tags	2011-05-09 22:56:07.146195
95	8	48	\N	\N	DataRecord	tags	2011-05-09 22:56:07.180304
96	8	49	\N	\N	DataRecord	tags	2011-05-09 22:56:07.215491
97	8	50	\N	\N	DataRecord	tags	2011-05-09 22:56:07.358625
98	13	51	\N	\N	DataRecord	tags	2011-05-09 22:56:07.403577
99	13	52	\N	\N	DataRecord	tags	2011-05-09 22:56:07.435943
100	13	53	\N	\N	DataRecord	tags	2011-05-09 22:56:07.470085
101	13	54	\N	\N	DataRecord	tags	2011-05-09 22:56:07.503778
102	13	55	\N	\N	DataRecord	tags	2011-05-09 22:56:07.534997
103	13	56	\N	\N	DataRecord	tags	2011-05-09 22:56:07.692175
104	13	57	\N	\N	DataRecord	tags	2011-05-09 22:56:07.724858
105	13	58	\N	\N	DataRecord	tags	2011-05-09 22:56:07.759465
106	13	59	\N	\N	DataRecord	tags	2011-05-09 22:56:07.79382
107	13	60	\N	\N	DataRecord	tags	2011-05-09 22:56:07.830889
108	13	61	\N	\N	DataRecord	tags	2011-05-09 22:56:07.862784
109	13	62	\N	\N	DataRecord	tags	2011-05-09 22:56:08.028069
110	13	63	\N	\N	DataRecord	tags	2011-05-09 22:56:08.060464
111	13	64	\N	\N	DataRecord	tags	2011-05-09 22:56:08.094679
112	13	65	\N	\N	DataRecord	tags	2011-05-09 22:56:08.130383
113	13	66	\N	\N	DataRecord	tags	2011-05-09 22:56:08.161623
114	13	67	\N	\N	DataRecord	tags	2011-05-09 22:56:08.196971
115	13	68	\N	\N	DataRecord	tags	2011-05-09 22:56:08.33546
116	13	69	\N	\N	DataRecord	tags	2011-05-09 22:56:08.367907
117	13	70	\N	\N	DataRecord	tags	2011-05-09 22:56:08.401793
118	13	71	\N	\N	DataRecord	tags	2011-05-09 22:56:08.4357
119	13	72	\N	\N	DataRecord	tags	2011-05-09 22:56:08.46625
120	13	73	\N	\N	DataRecord	tags	2011-05-09 22:56:08.498807
121	13	74	\N	\N	DataRecord	tags	2011-05-09 22:56:08.640942
122	13	75	\N	\N	DataRecord	tags	2011-05-09 22:56:08.674085
123	13	76	\N	\N	DataRecord	tags	2011-05-09 22:56:08.70882
124	15	77	\N	\N	DataRecord	tags	2011-05-09 22:56:08.75587
125	15	78	\N	\N	DataRecord	tags	2011-05-09 22:56:08.791122
126	15	79	\N	\N	DataRecord	tags	2011-05-09 22:56:08.936497
127	15	80	\N	\N	DataRecord	tags	2011-05-09 22:56:08.97334
128	15	81	\N	\N	DataRecord	tags	2011-05-09 22:56:09.0126
129	15	82	\N	\N	DataRecord	tags	2011-05-09 22:56:09.048548
130	15	83	\N	\N	DataRecord	tags	2011-05-09 22:56:09.086715
131	15	84	\N	\N	DataRecord	tags	2011-05-09 22:56:09.232628
132	15	85	\N	\N	DataRecord	tags	2011-05-09 22:56:09.269807
133	15	86	\N	\N	DataRecord	tags	2011-05-09 22:56:09.308883
134	15	87	\N	\N	DataRecord	tags	2011-05-09 22:56:09.345489
135	15	88	\N	\N	DataRecord	tags	2011-05-09 22:56:09.383669
136	15	89	\N	\N	DataRecord	tags	2011-05-09 22:56:09.529219
137	15	90	\N	\N	DataRecord	tags	2011-05-09 22:56:09.569043
138	15	91	\N	\N	DataRecord	tags	2011-05-09 22:56:09.610667
139	15	92	\N	\N	DataRecord	tags	2011-05-09 22:56:09.657383
140	15	93	\N	\N	DataRecord	tags	2011-05-09 22:56:09.693273
141	15	94	\N	\N	DataRecord	tags	2011-05-09 22:56:09.841289
142	15	95	\N	\N	DataRecord	tags	2011-05-09 22:56:09.879887
143	15	96	\N	\N	DataRecord	tags	2011-05-09 22:56:09.919836
144	15	97	\N	\N	DataRecord	tags	2011-05-09 22:56:09.958585
145	15	98	\N	\N	DataRecord	tags	2011-05-09 22:56:10.001067
146	15	99	\N	\N	DataRecord	tags	2011-05-09 22:56:10.14528
147	15	100	\N	\N	DataRecord	tags	2011-05-09 22:56:10.182884
148	15	101	\N	\N	DataRecord	tags	2011-05-09 22:56:10.221769
149	15	102	\N	\N	DataRecord	tags	2011-05-09 22:56:10.2584
150	15	103	\N	\N	DataRecord	tags	2011-05-09 22:56:10.296397
151	15	104	\N	\N	DataRecord	tags	2011-05-09 22:56:10.33954
152	15	105	\N	\N	DataRecord	tags	2011-05-09 22:56:10.487382
153	18	106	\N	\N	DataRecord	tags	2011-05-09 22:56:10.519575
154	2	107	\N	\N	DataRecord	tags	2011-05-09 22:56:10.55462
155	15	108	\N	\N	DataRecord	tags	2011-05-09 22:56:10.589109
156	11	109	\N	\N	DataRecord	tags	2011-05-09 22:56:10.633644
157	18	110	\N	\N	DataRecord	tags	2011-05-09 22:56:10.775253
158	13	111	\N	\N	DataRecord	tags	2011-05-09 22:56:10.80673
159	13	112	\N	\N	DataRecord	tags	2011-05-09 22:56:10.84258
160	15	113	\N	\N	DataRecord	tags	2011-05-09 22:56:10.876124
161	15	114	\N	\N	DataRecord	tags	2011-05-09 22:56:10.908381
162	15	115	\N	\N	DataRecord	tags	2011-05-09 22:56:10.943426
163	15	116	\N	\N	DataRecord	tags	2011-05-09 22:56:11.092706
164	15	117	\N	\N	DataRecord	tags	2011-05-09 22:56:11.125255
165	15	118	\N	\N	DataRecord	tags	2011-05-09 22:56:11.162379
166	15	119	\N	\N	DataRecord	tags	2011-05-09 22:56:11.201744
167	15	120	\N	\N	DataRecord	tags	2011-05-09 22:56:11.236841
168	15	121	\N	\N	DataRecord	tags	2011-05-09 22:56:11.268406
169	15	122	\N	\N	DataRecord	tags	2011-05-09 22:56:11.426759
170	15	123	\N	\N	DataRecord	tags	2011-05-09 22:56:11.459746
171	15	124	\N	\N	DataRecord	tags	2011-05-09 22:56:11.493715
172	15	125	\N	\N	DataRecord	tags	2011-05-09 22:56:11.52733
173	15	126	\N	\N	DataRecord	tags	2011-05-09 22:56:11.559905
174	15	127	\N	\N	DataRecord	tags	2011-05-09 22:56:11.593339
175	15	128	\N	\N	DataRecord	tags	2011-05-09 22:56:11.736821
176	15	129	\N	\N	DataRecord	tags	2011-05-09 22:56:11.769584
177	15	130	\N	\N	DataRecord	tags	2011-05-09 22:56:11.80257
178	7	131	\N	\N	DataRecord	tags	2011-05-09 22:56:11.83797
179	11	132	\N	\N	DataRecord	tags	2011-05-09 22:56:11.870741
180	8	133	\N	\N	DataRecord	tags	2011-05-09 22:56:12.025105
181	13	133	\N	\N	DataRecord	tags	2011-05-09 22:56:12.027946
182	12	133	\N	\N	DataRecord	tags	2011-05-09 22:56:12.030867
183	15	134	\N	\N	DataRecord	tags	2011-05-09 22:56:12.11076
184	4	134	\N	\N	DataRecord	tags	2011-05-09 22:56:12.113755
185	8	134	\N	\N	DataRecord	tags	2011-05-09 22:56:12.116445
186	7	135	\N	\N	DataRecord	tags	2011-05-09 22:56:12.150403
187	13	135	\N	\N	DataRecord	tags	2011-05-09 22:56:12.153695
188	3	135	\N	\N	DataRecord	tags	2011-05-09 22:56:12.157811
189	15	136	\N	\N	DataRecord	tags	2011-05-09 22:56:12.201048
190	4	136	\N	\N	DataRecord	tags	2011-05-09 22:56:12.203763
191	8	136	\N	\N	DataRecord	tags	2011-05-09 22:56:12.206313
192	1	137	\N	\N	DataRecord	tags	2011-05-09 22:56:12.358219
193	5	137	\N	\N	DataRecord	tags	2011-05-09 22:56:12.361193
194	7	137	\N	\N	DataRecord	tags	2011-05-09 22:56:12.364042
195	1	138	\N	\N	DataRecord	tags	2011-05-09 22:56:12.404152
196	5	138	\N	\N	DataRecord	tags	2011-05-09 22:56:12.407366
197	7	138	\N	\N	DataRecord	tags	2011-05-09 22:56:12.41045
198	7	139	\N	\N	DataRecord	tags	2011-05-09 22:56:12.450202
199	9	140	\N	\N	DataRecord	tags	2011-05-09 22:56:12.500742
200	9	141	\N	\N	DataRecord	tags	2011-05-09 22:56:12.643935
201	7	142	\N	\N	DataRecord	tags	2011-05-09 22:56:12.684411
202	1	143	\N	\N	DataRecord	tags	2011-05-09 22:56:12.717489
203	8	144	\N	\N	DataRecord	tags	2011-05-09 22:56:12.798359
204	8	145	\N	\N	DataRecord	tags	2011-05-09 22:56:12.834497
205	8	146	\N	\N	DataRecord	tags	2011-05-09 22:56:12.974033
206	19	146	\N	\N	DataRecord	tags	2011-05-09 22:56:12.977029
207	4	146	\N	\N	DataRecord	tags	2011-05-09 22:56:12.980962
208	8	147	\N	\N	DataRecord	tags	2011-05-09 22:56:13.014899
209	19	147	\N	\N	DataRecord	tags	2011-05-09 22:56:13.018151
210	4	147	\N	\N	DataRecord	tags	2011-05-09 22:56:13.022406
211	8	148	\N	\N	DataRecord	tags	2011-05-09 22:56:13.065158
212	19	148	\N	\N	DataRecord	tags	2011-05-09 22:56:13.068124
213	4	148	\N	\N	DataRecord	tags	2011-05-09 22:56:13.070971
214	8	149	\N	\N	DataRecord	tags	2011-05-09 22:56:13.102555
215	19	149	\N	\N	DataRecord	tags	2011-05-09 22:56:13.105205
216	4	149	\N	\N	DataRecord	tags	2011-05-09 22:56:13.108574
217	8	150	\N	\N	DataRecord	tags	2011-05-09 22:56:13.250599
218	19	150	\N	\N	DataRecord	tags	2011-05-09 22:56:13.253644
219	4	150	\N	\N	DataRecord	tags	2011-05-09 22:56:13.256448
220	13	151	\N	\N	DataRecord	tags	2011-05-09 22:56:13.290375
221	8	152	\N	\N	DataRecord	tags	2011-05-09 22:56:13.333899
222	8	153	\N	\N	DataRecord	tags	2011-05-09 22:56:13.37831
223	8	154	\N	\N	DataRecord	tags	2011-05-09 22:56:13.552392
224	19	154	\N	\N	DataRecord	tags	2011-05-09 22:56:13.555439
225	8	155	\N	\N	DataRecord	tags	2011-05-09 22:56:13.600689
\.


--
-- Data for Name: tags; Type: TABLE DATA; Schema: public; Owner: hong
--

COPY tags (id, name, kind) FROM stdin;
1	Agriculture & Rural Development	topics
2	Aid Effectiveness	topics
3	Economic Policy and External Debt	topics
4	Education	topics
5	Energy & Mining	topics
6	Environment	topics
7	Financial sector	topics
8	Health	topics
9	Infrastructure	topics
10	Labor & Social Protection	topics
11	Poverty	topics
12	Private Sector	topics
13	Public Sector	topics
14	Science & Technology	topics
15	Social Development	topics
16	Urban Development	topics
17	Other	topics
18	MDG	\N
19	Gender	\N
\.


--
-- Data for Name: users; Type: TABLE DATA; Schema: public; Owner: hong
--

COPY users (id, email, crypted_password, password_salt, persistence_token, single_access_token, perishable_token, login_count, failed_login_count, last_request_at, current_login_at, last_login_at, current_login_ip, last_login_ip, confirmed_at, openid_identifier, display_name, api_id, list_opt_in, city, personal_url, telephone_number, user_type, role, updated_at, created_at, affiliation_id, location_id, data_uncovered_opt_in, alert_email, alert_sms, alert_sms_number) FROM stdin;
1	admin@datauncovered.com	408d23f04a0fd991a35e0b35717a4927a2845501ab2650d9f5bd231a4f2d1707c4de27cdc2c6e523351d9eac6d57335197cb37b078cc8f85922620414d180c3e	Tr9JC6FJkepV4oUw9mI	7fb3702200b1cedef3f4dcecbcfccae57972901cc507930afe0d6aafef8ec419fae28bb996134c761a6957ac1e3b48ed3f3ba805e73576d0aeb1ba12d2c4080a	bwjFWwFh6vrqrpruszRE	DUZirZgxnOAfcC6guY	0	0	\N	\N	\N	\N	\N	2011-05-09 23:12:32.330951	\N	Administrator	\N	f	\N	\N	\N	\N	basic	2011-05-09 23:12:32.377641	2011-05-09 22:55:30.326727	\N	\N	\N	\N	\N	\N
2	egreen@popcouncil.org	67bf61a2f4360c98ea62030b644e8630a9dbaa6b4c163c0e1ce4a24f711aaad612f0e9e003a5a8919148e0186b86e84e554bff376b7cc11e9754d412f1061a60	qofrCTa8exDLFwm8X9p	4567b14a45b0bcfcb30f083ff2ccff4e3cee1908cf2afaf379af2b2e7e154a54f8bbe4d38f44e53b020750b98607f257aad54cc31ea694fec20a03bee07975e2	77BC7rJQhZnuPlFW5PMA	bj61TO8P639HtJcTp8A	0	0	\N	\N	\N	\N	\N	2011-05-09 23:14:32.280792	\N	Eric Green	\N	f	\N	\N	\N	\N	basic	2011-05-09 23:14:32.282774	2011-05-09 23:14:32.272017	\N	\N	\N	\N	\N	\N
3	kbassett@popcouncil.org	03b1852c63eda9d14122ffdd52c7ab73a172fd8843cbe5389994d5ef758b3f5b7bc1f7c1e0ebcf1b80431c9401ef4fa62c34c3e3bad46e2f5ad0551d521fe1e3	I7PhcuVh5dnew229C3C	4e790f141c6ba5583f9e821efd2388dc9c59d65586d8da839f76f9b0178add95a20fc64be877fbe4cc4a39e49cad4ab1f04a2048e9e88cf1c72c3c373b22a3b1	LM2yg5mghcqkf1oEh9ko	kIcp2gdfbWF1xPhmF2iP	0	0	\N	\N	\N	\N	\N	2011-05-09 23:14:32.295983	\N	Kimberly Bassett	\N	f	\N	\N	\N	\N	basic	2011-05-09 23:14:32.297965	2011-05-09 23:14:32.291944	\N	\N	\N	\N	\N	\N
4	ssddieng@gmail.com	63979aff8c092fd6709d555999cb90e9555c3cd5ab6a566bd11b799f3102245f078c71d5aaceabb5b4668142e4be196114de46fd40e915219c11e2e50bd84eea	0AynwhltUtePYnxwYph	4411a88e5f44fccc1fd76c0698ed2af00db49e5a2a6540d21f72a46aa3c6681954eef6b7b9fe933a04c7c0464deacb332b5d8512acb6b79beb29dde99e24235d	1p3OZFmaJz8ruQ8M3KEp	pnHtOS7W2Rg8zOgrBTT	0	0	\N	\N	\N	\N	\N	2011-05-09 23:14:32.31736	\N	Soukaye Dieng	\N	f	\N	\N	\N	\N	basic	2011-05-09 23:14:32.319493	2011-05-09 23:14:32.313126	\N	\N	\N	\N	\N	\N
5	awusabo_asare@yahoo.co.uk	feccff0625226d0d6bc2b22a7e58cd0a43dec71438f570a94f24d97d7b10e8df944775068e32150fb1fe791fa0b4cfd3b2025f7f3b9eee96d84f3a04d8a76296	Plz6TEHTnu3Ld4kT727Q	f597afed440fea6380cbd8ce59569de7495d5dd44d7b24426a44f314e9638ca6fa670a1dffdcdef32654ea327a89dc5433187150f46515940d755f772b660195	UyJKr5F5egJUd4kY4vNd	7HUEcEF0Io8ccqsy3Mkw	0	0	\N	\N	\N	\N	\N	2011-05-09 23:14:32.332549	\N	Kofi Awusabo-Asare	\N	f	\N	\N	\N	\N	basic	2011-05-09 23:14:32.334414	2011-05-09 23:14:32.328566	\N	\N	\N	\N	\N	\N
6	klaus.e.schade@gmail.com	e2994c4ec177640ab5a97cb3e345c4e929443b8b18c9913cf47c010ee01aeef020c47847cc2e917bb6b80ced31234bc6a6f5a15d71b18214c7e77bbf6efc6519	9Eg9SkgiNR9QkfN40XTw	3bdce92921ca3eb985fab7073ee9840110e5185792183e212f57ba935e12a74ee6e4250cafae117b3b9aa8a2a634e9d370676be08fd5adabe05773e86feea9fe	TpHfx7BBZkWlhAd6PQJw	Nzxqz81UXAs6d4ii34n	0	0	\N	\N	\N	\N	\N	2011-05-09 23:14:32.351161	\N	Klaus Schade	\N	f	\N	\N	\N	\N	basic	2011-05-09 23:14:32.353449	2011-05-09 23:14:32.343211	\N	\N	\N	\N	\N	\N
7	csavel@popcouncil.org	6925a5d35e7520d70e9c845bcb1206887be49b07aad2cb796b35f4115dbb5d4778dc46e97c785672c6e1d35418e99f0378b12fd682f51f339d02d9f295040527	Al3l50s1tdNCRnwWLEbk	c5a346b905ccb32ac009eecac12e454240f8f7669c3a17757d09cf034d6c7596b074d0e4390cdffdd6199ff8fc4eb4a3d8d145615ef5242ae0107835410f851e	vciAJFzBPEpUR4FexIf	S54b1jUPoEJdh6nMzO9	0	0	\N	\N	\N	\N	\N	2011-05-09 23:14:32.36658	\N	Craig Savel	\N	f	\N	\N	\N	\N	basic	2011-05-09 23:14:32.368434	2011-05-09 23:14:32.362583	\N	\N	\N	\N	\N	\N
8	ctse@popcouncil.org	f30e42c70fb7d0505c9fddc2bd189ce6d6a1a9c637e9362b560270d3fc8fe2e4bef9301ddc77ba67e8012ef41d16edd9e20e1004d1d48ef52b314c9c432d1757	W4UFqRXKQSU2Eq8Lr4Dd	e9e8e06fb7823bfbb9652d036af35dbf568a1685095a01518e5eaae5b15edbedd58cabdffab686e0ae4656919138bac34b860ef3851623283242dc5e599a2970	v0AoRhXxke8l1asJevq	H3vv2HudHIITeagTLq2y	0	0	\N	\N	\N	\N	\N	2011-05-09 23:14:32.381448	\N	Christina Tse	\N	f	\N	\N	\N	\N	basic	2011-05-09 23:14:32.383497	2011-05-09 23:14:32.377462	\N	\N	\N	\N	\N	\N
\.


--
-- Data for Name: votes; Type: TABLE DATA; Schema: public; Owner: hong
--

COPY votes (id, vote, voteable_id, voteable_type, user_id, created_at, updated_at) FROM stdin;
\.


--
-- Data for Name: wiki_versions; Type: TABLE DATA; Schema: public; Owner: hong
--

COPY wiki_versions (id, wiki_id, version, data_record_id, user_id, body, created_at, updated_at) FROM stdin;
\.


--
-- Data for Name: wikis; Type: TABLE DATA; Schema: public; Owner: hong
--

COPY wikis (id, data_record_id, user_id, body, created_at, updated_at, version) FROM stdin;
\.


--
-- Name: alerts_pkey; Type: CONSTRAINT; Schema: public; Owner: hong; Tablespace: 
--

ALTER TABLE ONLY alerts
    ADD CONSTRAINT alerts_pkey PRIMARY KEY (id);


--
-- Name: catalogs_pkey; Type: CONSTRAINT; Schema: public; Owner: hong; Tablespace: 
--

ALTER TABLE ONLY catalogs
    ADD CONSTRAINT catalogs_pkey PRIMARY KEY (id);


--
-- Name: comments_pkey; Type: CONSTRAINT; Schema: public; Owner: hong; Tablespace: 
--

ALTER TABLE ONLY comments
    ADD CONSTRAINT comments_pkey PRIMARY KEY (id);


--
-- Name: data_record_locations_pkey; Type: CONSTRAINT; Schema: public; Owner: hong; Tablespace: 
--

ALTER TABLE ONLY data_record_locations
    ADD CONSTRAINT data_record_locations_pkey PRIMARY KEY (id);


--
-- Name: data_records_pkey; Type: CONSTRAINT; Schema: public; Owner: hong; Tablespace: 
--

ALTER TABLE ONLY data_records
    ADD CONSTRAINT data_records_pkey PRIMARY KEY (id);


--
-- Name: delayed_jobs_pkey; Type: CONSTRAINT; Schema: public; Owner: hong; Tablespace: 
--

ALTER TABLE ONLY delayed_jobs
    ADD CONSTRAINT delayed_jobs_pkey PRIMARY KEY (id);


--
-- Name: documents_pkey; Type: CONSTRAINT; Schema: public; Owner: hong; Tablespace: 
--

ALTER TABLE ONLY documents
    ADD CONSTRAINT documents_pkey PRIMARY KEY (id);


--
-- Name: favorites_pkey; Type: CONSTRAINT; Schema: public; Owner: hong; Tablespace: 
--

ALTER TABLE ONLY favorites
    ADD CONSTRAINT favorites_pkey PRIMARY KEY (id);


--
-- Name: locations_pkey; Type: CONSTRAINT; Schema: public; Owner: hong; Tablespace: 
--

ALTER TABLE ONLY locations
    ADD CONSTRAINT locations_pkey PRIMARY KEY (id);


--
-- Name: notes_pkey; Type: CONSTRAINT; Schema: public; Owner: hong; Tablespace: 
--

ALTER TABLE ONLY notes
    ADD CONSTRAINT notes_pkey PRIMARY KEY (id);


--
-- Name: open_id_authentication_associations_pkey; Type: CONSTRAINT; Schema: public; Owner: hong; Tablespace: 
--

ALTER TABLE ONLY open_id_authentication_associations
    ADD CONSTRAINT open_id_authentication_associations_pkey PRIMARY KEY (id);


--
-- Name: open_id_authentication_nonces_pkey; Type: CONSTRAINT; Schema: public; Owner: hong; Tablespace: 
--

ALTER TABLE ONLY open_id_authentication_nonces
    ADD CONSTRAINT open_id_authentication_nonces_pkey PRIMARY KEY (id);


--
-- Name: organizations_pkey; Type: CONSTRAINT; Schema: public; Owner: hong; Tablespace: 
--

ALTER TABLE ONLY organizations
    ADD CONSTRAINT organizations_pkey PRIMARY KEY (id);


--
-- Name: people_pkey; Type: CONSTRAINT; Schema: public; Owner: hong; Tablespace: 
--

ALTER TABLE ONLY people
    ADD CONSTRAINT people_pkey PRIMARY KEY (id);


--
-- Name: ratings_pkey; Type: CONSTRAINT; Schema: public; Owner: hong; Tablespace: 
--

ALTER TABLE ONLY ratings
    ADD CONSTRAINT ratings_pkey PRIMARY KEY (id);


--
-- Name: sponsors_pkey; Type: CONSTRAINT; Schema: public; Owner: hong; Tablespace: 
--

ALTER TABLE ONLY sponsors
    ADD CONSTRAINT sponsors_pkey PRIMARY KEY (id);


--
-- Name: submissions_pkey; Type: CONSTRAINT; Schema: public; Owner: hong; Tablespace: 
--

ALTER TABLE ONLY submissions
    ADD CONSTRAINT submissions_pkey PRIMARY KEY (id);


--
-- Name: taggings_pkey; Type: CONSTRAINT; Schema: public; Owner: hong; Tablespace: 
--

ALTER TABLE ONLY taggings
    ADD CONSTRAINT taggings_pkey PRIMARY KEY (id);


--
-- Name: tags_pkey; Type: CONSTRAINT; Schema: public; Owner: hong; Tablespace: 
--

ALTER TABLE ONLY tags
    ADD CONSTRAINT tags_pkey PRIMARY KEY (id);


--
-- Name: users_pkey; Type: CONSTRAINT; Schema: public; Owner: hong; Tablespace: 
--

ALTER TABLE ONLY users
    ADD CONSTRAINT users_pkey PRIMARY KEY (id);


--
-- Name: votes_pkey; Type: CONSTRAINT; Schema: public; Owner: hong; Tablespace: 
--

ALTER TABLE ONLY votes
    ADD CONSTRAINT votes_pkey PRIMARY KEY (id);


--
-- Name: wiki_versions_pkey; Type: CONSTRAINT; Schema: public; Owner: hong; Tablespace: 
--

ALTER TABLE ONLY wiki_versions
    ADD CONSTRAINT wiki_versions_pkey PRIMARY KEY (id);


--
-- Name: wikis_pkey; Type: CONSTRAINT; Schema: public; Owner: hong; Tablespace: 
--

ALTER TABLE ONLY wikis
    ADD CONSTRAINT wikis_pkey PRIMARY KEY (id);


--
-- Name: index_comments_on_commentable_id; Type: INDEX; Schema: public; Owner: hong; Tablespace: 
--

CREATE INDEX index_comments_on_commentable_id ON comments USING btree (commentable_id);


--
-- Name: index_comments_on_user_id; Type: INDEX; Schema: public; Owner: hong; Tablespace: 
--

CREATE INDEX index_comments_on_user_id ON comments USING btree (user_id);


--
-- Name: index_submissions_on_type; Type: INDEX; Schema: public; Owner: hong; Tablespace: 
--

CREATE INDEX index_submissions_on_type ON submissions USING btree (type);


--
-- Name: index_submissions_on_user_id; Type: INDEX; Schema: public; Owner: hong; Tablespace: 
--

CREATE INDEX index_submissions_on_user_id ON submissions USING btree (user_id);


--
-- Name: index_taggings_on_tag_id; Type: INDEX; Schema: public; Owner: hong; Tablespace: 
--

CREATE INDEX index_taggings_on_tag_id ON taggings USING btree (tag_id);


--
-- Name: index_taggings_on_taggable_id_and_taggable_type_and_context; Type: INDEX; Schema: public; Owner: hong; Tablespace: 
--

CREATE INDEX index_taggings_on_taggable_id_and_taggable_type_and_context ON taggings USING btree (taggable_id, taggable_type, context);


--
-- Name: index_votes_on_user_id; Type: INDEX; Schema: public; Owner: hong; Tablespace: 
--

CREATE INDEX index_votes_on_user_id ON votes USING btree (user_id);


--
-- Name: index_wiki_versions_on_wiki_id; Type: INDEX; Schema: public; Owner: hong; Tablespace: 
--

CREATE INDEX index_wiki_versions_on_wiki_id ON wiki_versions USING btree (wiki_id);


--
-- Name: unique_schema_migrations; Type: INDEX; Schema: public; Owner: hong; Tablespace: 
--

CREATE UNIQUE INDEX unique_schema_migrations ON schema_migrations USING btree (version);


--
-- Name: public; Type: ACL; Schema: -; Owner: postgres
--

REVOKE ALL ON SCHEMA public FROM PUBLIC;
REVOKE ALL ON SCHEMA public FROM postgres;
GRANT ALL ON SCHEMA public TO postgres;
GRANT ALL ON SCHEMA public TO PUBLIC;


--
-- PostgreSQL database dump complete
--

